Date,Source,Site ID,POC,Daily Max 1-hour NO2 Concentration,Units,Daily AQI Value,Local Site Name,Daily Obs Count,Percent Complete,AQS Parameter Code,AQS Parameter Description,Method Code,CBSA Code,CBSA Name,State FIPS Code,State,County FIPS Code,County,Site Latitude,Site Longitude
1/1/24,AQS,10730023,1,24.3,ppb,23,North Birmingham,24,100,42602,Nitrogen dioxide (NO2),200,13820,"Birmingham-Hoover, AL",1,Alabama,73,Jefferson,33.553056,-86.815
1/2/24,AQS,10730023,1,28.3,ppb,26,North Birmingham,24,100,42602,Nitrogen dioxide (NO2),200,13820,"Birmingham-Hoover, AL",1,Alabama,73,Jefferson,33.553056,-86.815
1/3/24,AQS,10730023,1,37.4,ppb,35,North Birmingham,24,100,42602,Nitrogen dioxide (NO2),200,13820,"Birmingham-Hoover, AL",1,Alabama,73,Jefferson,33.553056,-86.815
1/4/24,AQS,10730023,1,23.8,ppb,22,North Birmingham,24,100,42602,Nitrogen dioxide (NO2),200,13820,"Birmingham-Hoover, AL",1,Alabama,73,Jefferson,33.553056,-86.815
1/5/24,AQS,10730023,1,23.4,ppb,22,North Birmingham,24,100,42602,Nitrogen dioxide (NO2),200,13820,"Birmingham-Hoover, AL",1,Alabama,73,Jefferson,33.553056,-86.815
1/6/24,AQS,10730023,1,13.8,ppb,12,North Birmingham,24,100,42602,Nitrogen dioxide (NO2),200,13820,"Birmingham-Hoover, AL",1,Alabama,73,Jefferson,33.553056,-86.815
1/7/24,AQS,10730023,1,23.7,ppb,22,North Birmingham,24,100,42602,Nitrogen dioxide (NO2),200,13820,"Birmingham-Hoover, AL",1,Alabama,73,Jefferson,33.553056,-86.815
1/8/24,AQS,10730023,1,24.9,ppb,23,North Birmingham,24,100,42602,Nitrogen dioxide (NO2),200,13820,"Birmingham-Hoover, AL",1,Alabama,73,Jefferson,33.553056,-86.815
1/9/24,AQS,10730023,1,20,ppb,19,North Birmingham,24,100,42602,Nitrogen dioxide (NO2),200,13820,"Birmingham-Hoover, AL",1,Alabama,73,Jefferson,33.553056,-86.815
1/10/24,AQS,10730023,1,37.1,ppb,35,North Birmingham,24,100,42602,Nitrogen dioxide (NO2),200,13820,"Birmingham-Hoover, AL",1,Alabama,73,Jefferson,33.553056,-86.815
1/11/24,AQS,10730023,1,29.2,ppb,27,North Birmingham,20,83,42602,Nitrogen dioxide (NO2),200,13820,"Birmingham-Hoover, AL",1,Alabama,73,Jefferson,33.553056,-86.815
1/13/24,AQS,10730023,1,27.8,ppb,25,North Birmingham,24,100,42602,Nitrogen dioxide (NO2),200,13820,"Birmingham-Hoover, AL",1,Alabama,73,Jefferson,33.553056,-86.815
1/14/24,AQS,10730023,1,26,ppb,25,North Birmingham,24,100,42602,Nitrogen dioxide (NO2),200,13820,"Birmingham-Hoover, AL",1,Alabama,73,Jefferson,33.553056,-86.815
1/15/24,AQS,10730023,1,8.3,ppb,8,North Birmingham,24,100,42602,Nitrogen dioxide (NO2),200,13820,"Birmingham-Hoover, AL",1,Alabama,73,Jefferson,33.553056,-86.815
1/16/24,AQS,10730023,1,3.7,ppb,3,North Birmingham,24,100,42602,Nitrogen dioxide (NO2),200,13820,"Birmingham-Hoover, AL",1,Alabama,73,Jefferson,33.553056,-86.815
1/17/24,AQS,10730023,1,38.3,ppb,36,North Birmingham,24,100,42602,Nitrogen dioxide (NO2),200,13820,"Birmingham-Hoover, AL",1,Alabama,73,Jefferson,33.553056,-86.815
1/18/24,AQS,10730023,1,36.3,ppb,34,North Birmingham,24,100,42602,Nitrogen dioxide (NO2),200,13820,"Birmingham-Hoover, AL",1,Alabama,73,Jefferson,33.553056,-86.815
1/19/24,AQS,10730023,1,7.6,ppb,7,North Birmingham,24,100,42602,Nitrogen dioxide (NO2),200,13820,"Birmingham-Hoover, AL",1,Alabama,73,Jefferson,33.553056,-86.815
1/20/24,AQS,10730023,1,3.6,ppb,3,North Birmingham,24,100,42602,Nitrogen dioxide (NO2),200,13820,"Birmingham-Hoover, AL",1,Alabama,73,Jefferson,33.553056,-86.815
1/21/24,AQS,10730023,1,31.7,ppb,29,North Birmingham,24,100,42602,Nitrogen dioxide (NO2),200,13820,"Birmingham-Hoover, AL",1,Alabama,73,Jefferson,33.553056,-86.815
1/22/24,AQS,10730023,1,25.3,ppb,24,North Birmingham,24,100,42602,Nitrogen dioxide (NO2),200,13820,"Birmingham-Hoover, AL",1,Alabama,73,Jefferson,33.553056,-86.815
1/23/24,AQS,10730023,1,17.6,ppb,16,North Birmingham,24,100,42602,Nitrogen dioxide (NO2),200,13820,"Birmingham-Hoover, AL",1,Alabama,73,Jefferson,33.553056,-86.815
1/24/24,AQS,10730023,1,19.1,ppb,18,North Birmingham,22,92,42602,Nitrogen dioxide (NO2),200,13820,"Birmingham-Hoover, AL",1,Alabama,73,Jefferson,33.553056,-86.815
1/25/24,AQS,10730023,1,22.9,ppb,21,North Birmingham,24,100,42602,Nitrogen dioxide (NO2),200,13820,"Birmingham-Hoover, AL",1,Alabama,73,Jefferson,33.553056,-86.815
1/26/24,AQS,10730023,1,20.8,ppb,19,North Birmingham,21,88,42602,Nitrogen dioxide (NO2),200,13820,"Birmingham-Hoover, AL",1,Alabama,73,Jefferson,33.553056,-86.815
1/27/24,AQS,10730023,1,15.6,ppb,14,North Birmingham,24,100,42602,Nitrogen dioxide (NO2),200,13820,"Birmingham-Hoover, AL",1,Alabama,73,Jefferson,33.553056,-86.815
1/28/24,AQS,10730023,1,3.7,ppb,3,North Birmingham,24,100,42602,Nitrogen dioxide (NO2),200,13820,"Birmingham-Hoover, AL",1,Alabama,73,Jefferson,33.553056,-86.815
1/29/24,AQS,10730023,1,27.4,ppb,25,North Birmingham,22,92,42602,Nitrogen dioxide (NO2),200,13820,"Birmingham-Hoover, AL",1,Alabama,73,Jefferson,33.553056,-86.815
1/30/24,AQS,10730023,1,28.6,ppb,26,North Birmingham,24,100,42602,Nitrogen dioxide (NO2),200,13820,"Birmingham-Hoover, AL",1,Alabama,73,Jefferson,33.553056,-86.815
1/31/24,AQS,10730023,1,16.1,ppb,15,North Birmingham,24,100,42602,Nitrogen dioxide (NO2),200,13820,"Birmingham-Hoover, AL",1,Alabama,73,Jefferson,33.553056,-86.815
2/1/24,AQS,10730023,1,30.8,ppb,28,North Birmingham,24,100,42602,Nitrogen dioxide (NO2),200,13820,"Birmingham-Hoover, AL",1,Alabama,73,Jefferson,33.553056,-86.815
2/2/24,AQS,10730023,1,39.6,ppb,37,North Birmingham,24,100,42602,Nitrogen dioxide (NO2),200,13820,"Birmingham-Hoover, AL",1,Alabama,73,Jefferson,33.553056,-86.815
2/3/24,AQS,10730023,1,29.3,ppb,27,North Birmingham,24,100,42602,Nitrogen dioxide (NO2),200,13820,"Birmingham-Hoover, AL",1,Alabama,73,Jefferson,33.553056,-86.815
2/4/24,AQS,10730023,1,9,ppb,8,North Birmingham,24,100,42602,Nitrogen dioxide (NO2),200,13820,"Birmingham-Hoover, AL",1,Alabama,73,Jefferson,33.553056,-86.815
2/5/24,AQS,10730023,1,36,ppb,34,North Birmingham,24,100,42602,Nitrogen dioxide (NO2),200,13820,"Birmingham-Hoover, AL",1,Alabama,73,Jefferson,33.553056,-86.815
2/6/24,AQS,10730023,1,32.9,ppb,30,North Birmingham,24,100,42602,Nitrogen dioxide (NO2),200,13820,"Birmingham-Hoover, AL",1,Alabama,73,Jefferson,33.553056,-86.815
2/7/24,AQS,10730023,1,34.4,ppb,32,North Birmingham,22,92,42602,Nitrogen dioxide (NO2),200,13820,"Birmingham-Hoover, AL",1,Alabama,73,Jefferson,33.553056,-86.815
2/8/24,AQS,10730023,1,11.6,ppb,10,North Birmingham,20,83,42602,Nitrogen dioxide (NO2),200,13820,"Birmingham-Hoover, AL",1,Alabama,73,Jefferson,33.553056,-86.815
2/9/24,AQS,10730023,1,29.4,ppb,27,North Birmingham,24,100,42602,Nitrogen dioxide (NO2),200,13820,"Birmingham-Hoover, AL",1,Alabama,73,Jefferson,33.553056,-86.815
2/10/24,AQS,10730023,1,8.8,ppb,8,North Birmingham,24,100,42602,Nitrogen dioxide (NO2),200,13820,"Birmingham-Hoover, AL",1,Alabama,73,Jefferson,33.553056,-86.815
2/11/24,AQS,10730023,1,12,ppb,11,North Birmingham,24,100,42602,Nitrogen dioxide (NO2),200,13820,"Birmingham-Hoover, AL",1,Alabama,73,Jefferson,33.553056,-86.815
2/12/24,AQS,10730023,1,15.7,ppb,14,North Birmingham,23,96,42602,Nitrogen dioxide (NO2),200,13820,"Birmingham-Hoover, AL",1,Alabama,73,Jefferson,33.553056,-86.815
2/13/24,AQS,10730023,1,27.9,ppb,25,North Birmingham,24,100,42602,Nitrogen dioxide (NO2),200,13820,"Birmingham-Hoover, AL",1,Alabama,73,Jefferson,33.553056,-86.815
2/14/24,AQS,10730023,1,32.7,ppb,30,North Birmingham,24,100,42602,Nitrogen dioxide (NO2),200,13820,"Birmingham-Hoover, AL",1,Alabama,73,Jefferson,33.553056,-86.815
2/15/24,AQS,10730023,1,34.4,ppb,32,North Birmingham,24,100,42602,Nitrogen dioxide (NO2),200,13820,"Birmingham-Hoover, AL",1,Alabama,73,Jefferson,33.553056,-86.815
2/16/24,AQS,10730023,1,38.2,ppb,36,North Birmingham,24,100,42602,Nitrogen dioxide (NO2),200,13820,"Birmingham-Hoover, AL",1,Alabama,73,Jefferson,33.553056,-86.815
2/17/24,AQS,10730023,1,6.5,ppb,6,North Birmingham,24,100,42602,Nitrogen dioxide (NO2),200,13820,"Birmingham-Hoover, AL",1,Alabama,73,Jefferson,33.553056,-86.815
2/18/24,AQS,10730023,1,34.4,ppb,32,North Birmingham,24,100,42602,Nitrogen dioxide (NO2),200,13820,"Birmingham-Hoover, AL",1,Alabama,73,Jefferson,33.553056,-86.815
2/19/24,AQS,10730023,1,37.8,ppb,35,North Birmingham,24,100,42602,Nitrogen dioxide (NO2),200,13820,"Birmingham-Hoover, AL",1,Alabama,73,Jefferson,33.553056,-86.815
2/20/24,AQS,10730023,1,39.7,ppb,37,North Birmingham,23,96,42602,Nitrogen dioxide (NO2),200,13820,"Birmingham-Hoover, AL",1,Alabama,73,Jefferson,33.553056,-86.815
2/21/24,AQS,10730023,1,40,ppb,38,North Birmingham,21,88,42602,Nitrogen dioxide (NO2),200,13820,"Birmingham-Hoover, AL",1,Alabama,73,Jefferson,33.553056,-86.815
2/22/24,AQS,10730023,1,12.5,ppb,11,North Birmingham,24,100,42602,Nitrogen dioxide (NO2),200,13820,"Birmingham-Hoover, AL",1,Alabama,73,Jefferson,33.553056,-86.815
2/24/24,AQS,10730023,1,32.6,ppb,30,North Birmingham,24,100,42602,Nitrogen dioxide (NO2),200,13820,"Birmingham-Hoover, AL",1,Alabama,73,Jefferson,33.553056,-86.815
2/25/24,AQS,10730023,1,24.6,ppb,23,North Birmingham,24,100,42602,Nitrogen dioxide (NO2),200,13820,"Birmingham-Hoover, AL",1,Alabama,73,Jefferson,33.553056,-86.815
2/26/24,AQS,10730023,1,21.4,ppb,20,North Birmingham,21,88,42602,Nitrogen dioxide (NO2),200,13820,"Birmingham-Hoover, AL",1,Alabama,73,Jefferson,33.553056,-86.815
2/27/24,AQS,10730023,1,5.6,ppb,5,North Birmingham,24,100,42602,Nitrogen dioxide (NO2),200,13820,"Birmingham-Hoover, AL",1,Alabama,73,Jefferson,33.553056,-86.815
2/28/24,AQS,10730023,1,7.1,ppb,7,North Birmingham,24,100,42602,Nitrogen dioxide (NO2),200,13820,"Birmingham-Hoover, AL",1,Alabama,73,Jefferson,33.553056,-86.815
2/29/24,AQS,10730023,1,10.2,ppb,9,North Birmingham,24,100,42602,Nitrogen dioxide (NO2),200,13820,"Birmingham-Hoover, AL",1,Alabama,73,Jefferson,33.553056,-86.815
3/1/24,AQS,10730023,1,14.6,ppb,13,North Birmingham,24,100,42602,Nitrogen dioxide (NO2),200,13820,"Birmingham-Hoover, AL",1,Alabama,73,Jefferson,33.553056,-86.815
3/2/24,AQS,10730023,1,22.4,ppb,21,North Birmingham,24,100,42602,Nitrogen dioxide (NO2),200,13820,"Birmingham-Hoover, AL",1,Alabama,73,Jefferson,33.553056,-86.815
3/3/24,AQS,10730023,1,18.1,ppb,17,North Birmingham,24,100,42602,Nitrogen dioxide (NO2),200,13820,"Birmingham-Hoover, AL",1,Alabama,73,Jefferson,33.553056,-86.815
3/4/24,AQS,10730023,1,7.1,ppb,7,North Birmingham,24,100,42602,Nitrogen dioxide (NO2),200,13820,"Birmingham-Hoover, AL",1,Alabama,73,Jefferson,33.553056,-86.815
3/5/24,AQS,10730023,1,13.4,ppb,12,North Birmingham,24,100,42602,Nitrogen dioxide (NO2),200,13820,"Birmingham-Hoover, AL",1,Alabama,73,Jefferson,33.553056,-86.815
3/6/24,AQS,10730023,1,24.9,ppb,23,North Birmingham,21,88,42602,Nitrogen dioxide (NO2),200,13820,"Birmingham-Hoover, AL",1,Alabama,73,Jefferson,33.553056,-86.815
3/7/24,AQS,10730023,1,32.3,ppb,30,North Birmingham,24,100,42602,Nitrogen dioxide (NO2),200,13820,"Birmingham-Hoover, AL",1,Alabama,73,Jefferson,33.553056,-86.815
3/8/24,AQS,10730023,1,26.1,ppb,25,North Birmingham,18,75,42602,Nitrogen dioxide (NO2),200,13820,"Birmingham-Hoover, AL",1,Alabama,73,Jefferson,33.553056,-86.815
3/9/24,AQS,10730023,1,6.6,ppb,6,North Birmingham,24,100,42602,Nitrogen dioxide (NO2),200,13820,"Birmingham-Hoover, AL",1,Alabama,73,Jefferson,33.553056,-86.815
3/10/24,AQS,10730023,1,12.7,ppb,11,North Birmingham,24,100,42602,Nitrogen dioxide (NO2),200,13820,"Birmingham-Hoover, AL",1,Alabama,73,Jefferson,33.553056,-86.815
3/11/24,AQS,10730023,1,30.1,ppb,28,North Birmingham,18,75,42602,Nitrogen dioxide (NO2),200,13820,"Birmingham-Hoover, AL",1,Alabama,73,Jefferson,33.553056,-86.815
3/12/24,AQS,10730023,1,36.9,ppb,34,North Birmingham,24,100,42602,Nitrogen dioxide (NO2),200,13820,"Birmingham-Hoover, AL",1,Alabama,73,Jefferson,33.553056,-86.815
3/13/24,AQS,10730023,1,32.8,ppb,30,North Birmingham,24,100,42602,Nitrogen dioxide (NO2),200,13820,"Birmingham-Hoover, AL",1,Alabama,73,Jefferson,33.553056,-86.815
3/14/24,AQS,10730023,1,29.2,ppb,27,North Birmingham,24,100,42602,Nitrogen dioxide (NO2),200,13820,"Birmingham-Hoover, AL",1,Alabama,73,Jefferson,33.553056,-86.815
3/15/24,AQS,10730023,1,12,ppb,11,North Birmingham,24,100,42602,Nitrogen dioxide (NO2),200,13820,"Birmingham-Hoover, AL",1,Alabama,73,Jefferson,33.553056,-86.815
3/16/24,AQS,10730023,1,13.4,ppb,12,North Birmingham,24,100,42602,Nitrogen dioxide (NO2),200,13820,"Birmingham-Hoover, AL",1,Alabama,73,Jefferson,33.553056,-86.815
3/17/24,AQS,10730023,1,14.9,ppb,13,North Birmingham,24,100,42602,Nitrogen dioxide (NO2),200,13820,"Birmingham-Hoover, AL",1,Alabama,73,Jefferson,33.553056,-86.815
3/18/24,AQS,10730023,1,10.9,ppb,9,North Birmingham,24,100,42602,Nitrogen dioxide (NO2),200,13820,"Birmingham-Hoover, AL",1,Alabama,73,Jefferson,33.553056,-86.815
3/19/24,AQS,10730023,1,27.4,ppb,25,North Birmingham,24,100,42602,Nitrogen dioxide (NO2),200,13820,"Birmingham-Hoover, AL",1,Alabama,73,Jefferson,33.553056,-86.815
3/20/24,AQS,10730023,1,44.7,ppb,42,North Birmingham,20,83,42602,Nitrogen dioxide (NO2),200,13820,"Birmingham-Hoover, AL",1,Alabama,73,Jefferson,33.553056,-86.815
3/21/24,AQS,10730023,1,34.8,ppb,32,North Birmingham,18,75,42602,Nitrogen dioxide (NO2),200,13820,"Birmingham-Hoover, AL",1,Alabama,73,Jefferson,33.553056,-86.815
3/22/24,AQS,10730023,1,32.6,ppb,30,North Birmingham,19,79,42602,Nitrogen dioxide (NO2),200,13820,"Birmingham-Hoover, AL",1,Alabama,73,Jefferson,33.553056,-86.815
3/23/24,AQS,10730023,1,2.4,ppb,2,North Birmingham,24,100,42602,Nitrogen dioxide (NO2),200,13820,"Birmingham-Hoover, AL",1,Alabama,73,Jefferson,33.553056,-86.815
3/24/24,AQS,10730023,1,5.2,ppb,5,North Birmingham,24,100,42602,Nitrogen dioxide (NO2),200,13820,"Birmingham-Hoover, AL",1,Alabama,73,Jefferson,33.553056,-86.815
3/25/24,AQS,10730023,1,6.2,ppb,6,North Birmingham,24,100,42602,Nitrogen dioxide (NO2),200,13820,"Birmingham-Hoover, AL",1,Alabama,73,Jefferson,33.553056,-86.815
3/26/24,AQS,10730023,1,33.7,ppb,31,North Birmingham,24,100,42602,Nitrogen dioxide (NO2),200,13820,"Birmingham-Hoover, AL",1,Alabama,73,Jefferson,33.553056,-86.815
3/27/24,AQS,10730023,1,21,ppb,20,North Birmingham,22,92,42602,Nitrogen dioxide (NO2),200,13820,"Birmingham-Hoover, AL",1,Alabama,73,Jefferson,33.553056,-86.815
3/28/24,AQS,10730023,1,20.6,ppb,19,North Birmingham,24,100,42602,Nitrogen dioxide (NO2),200,13820,"Birmingham-Hoover, AL",1,Alabama,73,Jefferson,33.553056,-86.815
3/29/24,AQS,10730023,1,32.9,ppb,30,North Birmingham,24,100,42602,Nitrogen dioxide (NO2),200,13820,"Birmingham-Hoover, AL",1,Alabama,73,Jefferson,33.553056,-86.815
4/2/24,AQS,10730023,1,7,ppb,7,North Birmingham,24,100,42602,Nitrogen dioxide (NO2),200,13820,"Birmingham-Hoover, AL",1,Alabama,73,Jefferson,33.553056,-86.815
4/3/24,AQS,10730023,1,4.4,ppb,4,North Birmingham,24,100,42602,Nitrogen dioxide (NO2),200,13820,"Birmingham-Hoover, AL",1,Alabama,73,Jefferson,33.553056,-86.815
4/4/24,AQS,10730023,1,14.8,ppb,13,North Birmingham,20,83,42602,Nitrogen dioxide (NO2),200,13820,"Birmingham-Hoover, AL",1,Alabama,73,Jefferson,33.553056,-86.815
4/5/24,AQS,10730023,1,30.1,ppb,28,North Birmingham,20,83,42602,Nitrogen dioxide (NO2),200,13820,"Birmingham-Hoover, AL",1,Alabama,73,Jefferson,33.553056,-86.815
4/6/24,AQS,10730023,1,24.2,ppb,23,North Birmingham,24,100,42602,Nitrogen dioxide (NO2),200,13820,"Birmingham-Hoover, AL",1,Alabama,73,Jefferson,33.553056,-86.815
4/7/24,AQS,10730023,1,23.9,ppb,22,North Birmingham,24,100,42602,Nitrogen dioxide (NO2),200,13820,"Birmingham-Hoover, AL",1,Alabama,73,Jefferson,33.553056,-86.815
4/8/24,AQS,10730023,1,21.9,ppb,20,North Birmingham,24,100,42602,Nitrogen dioxide (NO2),200,13820,"Birmingham-Hoover, AL",1,Alabama,73,Jefferson,33.553056,-86.815
4/9/24,AQS,10730023,1,14.7,ppb,13,North Birmingham,24,100,42602,Nitrogen dioxide (NO2),200,13820,"Birmingham-Hoover, AL",1,Alabama,73,Jefferson,33.553056,-86.815
4/10/24,AQS,10730023,1,16.6,ppb,15,North Birmingham,21,88,42602,Nitrogen dioxide (NO2),200,13820,"Birmingham-Hoover, AL",1,Alabama,73,Jefferson,33.553056,-86.815
4/11/24,AQS,10730023,1,14.8,ppb,13,North Birmingham,24,100,42602,Nitrogen dioxide (NO2),200,13820,"Birmingham-Hoover, AL",1,Alabama,73,Jefferson,33.553056,-86.815
4/12/24,AQS,10730023,1,28.3,ppb,26,North Birmingham,24,100,42602,Nitrogen dioxide (NO2),200,13820,"Birmingham-Hoover, AL",1,Alabama,73,Jefferson,33.553056,-86.815
4/13/24,AQS,10730023,1,25.8,ppb,24,North Birmingham,24,100,42602,Nitrogen dioxide (NO2),200,13820,"Birmingham-Hoover, AL",1,Alabama,73,Jefferson,33.553056,-86.815
4/14/24,AQS,10730023,1,24.4,ppb,23,North Birmingham,24,100,42602,Nitrogen dioxide (NO2),200,13820,"Birmingham-Hoover, AL",1,Alabama,73,Jefferson,33.553056,-86.815
4/15/24,AQS,10730023,1,21,ppb,20,North Birmingham,24,100,42602,Nitrogen dioxide (NO2),200,13820,"Birmingham-Hoover, AL",1,Alabama,73,Jefferson,33.553056,-86.815
4/16/24,AQS,10730023,1,11.4,ppb,10,North Birmingham,24,100,42602,Nitrogen dioxide (NO2),200,13820,"Birmingham-Hoover, AL",1,Alabama,73,Jefferson,33.553056,-86.815
4/17/24,AQS,10730023,1,13.7,ppb,12,North Birmingham,24,100,42602,Nitrogen dioxide (NO2),200,13820,"Birmingham-Hoover, AL",1,Alabama,73,Jefferson,33.553056,-86.815
4/18/24,AQS,10730023,1,13.6,ppb,12,North Birmingham,19,79,42602,Nitrogen dioxide (NO2),200,13820,"Birmingham-Hoover, AL",1,Alabama,73,Jefferson,33.553056,-86.815
4/20/24,AQS,10730023,1,4.7,ppb,4,North Birmingham,24,100,42602,Nitrogen dioxide (NO2),200,13820,"Birmingham-Hoover, AL",1,Alabama,73,Jefferson,33.553056,-86.815
4/21/24,AQS,10730023,1,10.5,ppb,9,North Birmingham,24,100,42602,Nitrogen dioxide (NO2),200,13820,"Birmingham-Hoover, AL",1,Alabama,73,Jefferson,33.553056,-86.815
4/22/24,AQS,10730023,1,29.9,ppb,27,North Birmingham,24,100,42602,Nitrogen dioxide (NO2),200,13820,"Birmingham-Hoover, AL",1,Alabama,73,Jefferson,33.553056,-86.815
4/23/24,AQS,10730023,1,26.2,ppb,25,North Birmingham,24,100,42602,Nitrogen dioxide (NO2),200,13820,"Birmingham-Hoover, AL",1,Alabama,73,Jefferson,33.553056,-86.815
4/24/24,AQS,10730023,1,27.5,ppb,25,North Birmingham,21,88,42602,Nitrogen dioxide (NO2),200,13820,"Birmingham-Hoover, AL",1,Alabama,73,Jefferson,33.553056,-86.815
4/25/24,AQS,10730023,1,24.5,ppb,23,North Birmingham,24,100,42602,Nitrogen dioxide (NO2),200,13820,"Birmingham-Hoover, AL",1,Alabama,73,Jefferson,33.553056,-86.815
4/26/24,AQS,10730023,1,16.6,ppb,15,North Birmingham,24,100,42602,Nitrogen dioxide (NO2),200,13820,"Birmingham-Hoover, AL",1,Alabama,73,Jefferson,33.553056,-86.815
4/27/24,AQS,10730023,1,8,ppb,8,North Birmingham,24,100,42602,Nitrogen dioxide (NO2),200,13820,"Birmingham-Hoover, AL",1,Alabama,73,Jefferson,33.553056,-86.815
4/28/24,AQS,10730023,1,8.9,ppb,8,North Birmingham,24,100,42602,Nitrogen dioxide (NO2),200,13820,"Birmingham-Hoover, AL",1,Alabama,73,Jefferson,33.553056,-86.815
4/29/24,AQS,10730023,1,6.9,ppb,6,North Birmingham,24,100,42602,Nitrogen dioxide (NO2),200,13820,"Birmingham-Hoover, AL",1,Alabama,73,Jefferson,33.553056,-86.815
4/30/24,AQS,10730023,1,23,ppb,22,North Birmingham,24,100,42602,Nitrogen dioxide (NO2),200,13820,"Birmingham-Hoover, AL",1,Alabama,73,Jefferson,33.553056,-86.815
5/1/24,AQS,10730023,1,26.7,ppb,25,North Birmingham,24,100,42602,Nitrogen dioxide (NO2),200,13820,"Birmingham-Hoover, AL",1,Alabama,73,Jefferson,33.553056,-86.815
5/3/24,AQS,10730023,1,15.4,ppb,14,North Birmingham,24,100,42602,Nitrogen dioxide (NO2),200,13820,"Birmingham-Hoover, AL",1,Alabama,73,Jefferson,33.553056,-86.815
5/4/24,AQS,10730023,1,27.5,ppb,25,North Birmingham,24,100,42602,Nitrogen dioxide (NO2),200,13820,"Birmingham-Hoover, AL",1,Alabama,73,Jefferson,33.553056,-86.815
5/5/24,AQS,10730023,1,24.6,ppb,23,North Birmingham,24,100,42602,Nitrogen dioxide (NO2),200,13820,"Birmingham-Hoover, AL",1,Alabama,73,Jefferson,33.553056,-86.815
5/6/24,AQS,10730023,1,19.4,ppb,18,North Birmingham,24,100,42602,Nitrogen dioxide (NO2),200,13820,"Birmingham-Hoover, AL",1,Alabama,73,Jefferson,33.553056,-86.815
5/7/24,AQS,10730023,1,6.7,ppb,6,North Birmingham,24,100,42602,Nitrogen dioxide (NO2),200,13820,"Birmingham-Hoover, AL",1,Alabama,73,Jefferson,33.553056,-86.815
5/8/24,AQS,10730023,1,7.2,ppb,7,North Birmingham,21,88,42602,Nitrogen dioxide (NO2),200,13820,"Birmingham-Hoover, AL",1,Alabama,73,Jefferson,33.553056,-86.815
5/9/24,AQS,10730023,1,18.1,ppb,17,North Birmingham,24,100,42602,Nitrogen dioxide (NO2),200,13820,"Birmingham-Hoover, AL",1,Alabama,73,Jefferson,33.553056,-86.815
5/10/24,AQS,10730023,1,20,ppb,19,North Birmingham,24,100,42602,Nitrogen dioxide (NO2),200,13820,"Birmingham-Hoover, AL",1,Alabama,73,Jefferson,33.553056,-86.815
5/11/24,AQS,10730023,1,33.4,ppb,31,North Birmingham,24,100,42602,Nitrogen dioxide (NO2),200,13820,"Birmingham-Hoover, AL",1,Alabama,73,Jefferson,33.553056,-86.815
5/12/24,AQS,10730023,1,26.2,ppb,25,North Birmingham,24,100,42602,Nitrogen dioxide (NO2),200,13820,"Birmingham-Hoover, AL",1,Alabama,73,Jefferson,33.553056,-86.815
5/13/24,AQS,10730023,1,19.7,ppb,18,North Birmingham,24,100,42602,Nitrogen dioxide (NO2),200,13820,"Birmingham-Hoover, AL",1,Alabama,73,Jefferson,33.553056,-86.815
5/14/24,AQS,10730023,1,11.3,ppb,10,North Birmingham,24,100,42602,Nitrogen dioxide (NO2),200,13820,"Birmingham-Hoover, AL",1,Alabama,73,Jefferson,33.553056,-86.815
5/15/24,AQS,10730023,1,21.7,ppb,20,North Birmingham,24,100,42602,Nitrogen dioxide (NO2),200,13820,"Birmingham-Hoover, AL",1,Alabama,73,Jefferson,33.553056,-86.815
5/16/24,AQS,10730023,1,27.4,ppb,25,North Birmingham,20,83,42602,Nitrogen dioxide (NO2),200,13820,"Birmingham-Hoover, AL",1,Alabama,73,Jefferson,33.553056,-86.815
5/17/24,AQS,10730023,1,28.4,ppb,26,North Birmingham,21,88,42602,Nitrogen dioxide (NO2),200,13820,"Birmingham-Hoover, AL",1,Alabama,73,Jefferson,33.553056,-86.815
5/18/24,AQS,10730023,1,11.3,ppb,10,North Birmingham,24,100,42602,Nitrogen dioxide (NO2),200,13820,"Birmingham-Hoover, AL",1,Alabama,73,Jefferson,33.553056,-86.815
5/19/24,AQS,10730023,1,22.7,ppb,21,North Birmingham,24,100,42602,Nitrogen dioxide (NO2),200,13820,"Birmingham-Hoover, AL",1,Alabama,73,Jefferson,33.553056,-86.815
5/20/24,AQS,10730023,1,19.6,ppb,18,North Birmingham,24,100,42602,Nitrogen dioxide (NO2),200,13820,"Birmingham-Hoover, AL",1,Alabama,73,Jefferson,33.553056,-86.815
5/21/24,AQS,10730023,1,24.5,ppb,23,North Birmingham,24,100,42602,Nitrogen dioxide (NO2),200,13820,"Birmingham-Hoover, AL",1,Alabama,73,Jefferson,33.553056,-86.815
5/22/24,AQS,10730023,1,15.2,ppb,14,North Birmingham,24,100,42602,Nitrogen dioxide (NO2),200,13820,"Birmingham-Hoover, AL",1,Alabama,73,Jefferson,33.553056,-86.815
5/23/24,AQS,10730023,1,30.8,ppb,28,North Birmingham,24,100,42602,Nitrogen dioxide (NO2),200,13820,"Birmingham-Hoover, AL",1,Alabama,73,Jefferson,33.553056,-86.815
5/24/24,AQS,10730023,1,26.2,ppb,25,North Birmingham,24,100,42602,Nitrogen dioxide (NO2),200,13820,"Birmingham-Hoover, AL",1,Alabama,73,Jefferson,33.553056,-86.815
5/25/24,AQS,10730023,1,11.8,ppb,10,North Birmingham,24,100,42602,Nitrogen dioxide (NO2),200,13820,"Birmingham-Hoover, AL",1,Alabama,73,Jefferson,33.553056,-86.815
5/26/24,AQS,10730023,1,6.1,ppb,6,North Birmingham,24,100,42602,Nitrogen dioxide (NO2),200,13820,"Birmingham-Hoover, AL",1,Alabama,73,Jefferson,33.553056,-86.815
5/29/24,AQS,10730023,1,31,ppb,29,North Birmingham,24,100,42602,Nitrogen dioxide (NO2),200,13820,"Birmingham-Hoover, AL",1,Alabama,73,Jefferson,33.553056,-86.815
5/30/24,AQS,10730023,1,32.6,ppb,30,North Birmingham,24,100,42602,Nitrogen dioxide (NO2),200,13820,"Birmingham-Hoover, AL",1,Alabama,73,Jefferson,33.553056,-86.815
5/31/24,AQS,10730023,1,26.1,ppb,25,North Birmingham,24,100,42602,Nitrogen dioxide (NO2),200,13820,"Birmingham-Hoover, AL",1,Alabama,73,Jefferson,33.553056,-86.815
6/1/24,AQS,10730023,1,6,ppb,6,North Birmingham,24,100,42602,Nitrogen dioxide (NO2),200,13820,"Birmingham-Hoover, AL",1,Alabama,73,Jefferson,33.553056,-86.815
6/2/24,AQS,10730023,1,8.1,ppb,8,North Birmingham,24,100,42602,Nitrogen dioxide (NO2),200,13820,"Birmingham-Hoover, AL",1,Alabama,73,Jefferson,33.553056,-86.815
6/3/24,AQS,10730023,1,9.8,ppb,8,North Birmingham,24,100,42602,Nitrogen dioxide (NO2),200,13820,"Birmingham-Hoover, AL",1,Alabama,73,Jefferson,33.553056,-86.815
6/4/24,AQS,10730023,1,9.1,ppb,8,North Birmingham,24,100,42602,Nitrogen dioxide (NO2),200,13820,"Birmingham-Hoover, AL",1,Alabama,73,Jefferson,33.553056,-86.815
6/11/24,AQS,10730023,1,15.4,ppb,14,North Birmingham,24,100,42602,Nitrogen dioxide (NO2),200,13820,"Birmingham-Hoover, AL",1,Alabama,73,Jefferson,33.553056,-86.815
6/12/24,AQS,10730023,1,18.6,ppb,17,North Birmingham,18,75,42602,Nitrogen dioxide (NO2),200,13820,"Birmingham-Hoover, AL",1,Alabama,73,Jefferson,33.553056,-86.815
6/13/24,AQS,10730023,1,28.5,ppb,26,North Birmingham,24,100,42602,Nitrogen dioxide (NO2),200,13820,"Birmingham-Hoover, AL",1,Alabama,73,Jefferson,33.553056,-86.815
6/14/24,AQS,10730023,1,28.6,ppb,26,North Birmingham,24,100,42602,Nitrogen dioxide (NO2),200,13820,"Birmingham-Hoover, AL",1,Alabama,73,Jefferson,33.553056,-86.815
6/15/24,AQS,10730023,1,26.2,ppb,25,North Birmingham,24,100,42602,Nitrogen dioxide (NO2),200,13820,"Birmingham-Hoover, AL",1,Alabama,73,Jefferson,33.553056,-86.815
6/16/24,AQS,10730023,1,23.2,ppb,22,North Birmingham,24,100,42602,Nitrogen dioxide (NO2),200,13820,"Birmingham-Hoover, AL",1,Alabama,73,Jefferson,33.553056,-86.815
6/17/24,AQS,10730023,1,9.5,ppb,8,North Birmingham,24,100,42602,Nitrogen dioxide (NO2),200,13820,"Birmingham-Hoover, AL",1,Alabama,73,Jefferson,33.553056,-86.815
6/18/24,AQS,10730023,1,17.7,ppb,16,North Birmingham,24,100,42602,Nitrogen dioxide (NO2),200,13820,"Birmingham-Hoover, AL",1,Alabama,73,Jefferson,33.553056,-86.815
6/19/24,AQS,10730023,1,16.5,ppb,15,North Birmingham,24,100,42602,Nitrogen dioxide (NO2),200,13820,"Birmingham-Hoover, AL",1,Alabama,73,Jefferson,33.553056,-86.815
6/20/24,AQS,10730023,1,35.6,ppb,33,North Birmingham,19,79,42602,Nitrogen dioxide (NO2),200,13820,"Birmingham-Hoover, AL",1,Alabama,73,Jefferson,33.553056,-86.815
6/21/24,AQS,10730023,1,35.1,ppb,33,North Birmingham,24,100,42602,Nitrogen dioxide (NO2),200,13820,"Birmingham-Hoover, AL",1,Alabama,73,Jefferson,33.553056,-86.815
6/22/24,AQS,10730023,1,30.4,ppb,28,North Birmingham,24,100,42602,Nitrogen dioxide (NO2),200,13820,"Birmingham-Hoover, AL",1,Alabama,73,Jefferson,33.553056,-86.815
6/23/24,AQS,10730023,1,29.4,ppb,27,North Birmingham,24,100,42602,Nitrogen dioxide (NO2),200,13820,"Birmingham-Hoover, AL",1,Alabama,73,Jefferson,33.553056,-86.815
6/24/24,AQS,10730023,1,22.9,ppb,21,North Birmingham,24,100,42602,Nitrogen dioxide (NO2),200,13820,"Birmingham-Hoover, AL",1,Alabama,73,Jefferson,33.553056,-86.815
6/25/24,AQS,10730023,1,23.2,ppb,22,North Birmingham,24,100,42602,Nitrogen dioxide (NO2),200,13820,"Birmingham-Hoover, AL",1,Alabama,73,Jefferson,33.553056,-86.815
6/26/24,AQS,10730023,1,36.2,ppb,34,North Birmingham,24,100,42602,Nitrogen dioxide (NO2),200,13820,"Birmingham-Hoover, AL",1,Alabama,73,Jefferson,33.553056,-86.815
6/27/24,AQS,10730023,1,18.5,ppb,17,North Birmingham,24,100,42602,Nitrogen dioxide (NO2),200,13820,"Birmingham-Hoover, AL",1,Alabama,73,Jefferson,33.553056,-86.815
6/28/24,AQS,10730023,1,10.2,ppb,9,North Birmingham,24,100,42602,Nitrogen dioxide (NO2),200,13820,"Birmingham-Hoover, AL",1,Alabama,73,Jefferson,33.553056,-86.815
6/29/24,AQS,10730023,1,17,ppb,16,North Birmingham,24,100,42602,Nitrogen dioxide (NO2),200,13820,"Birmingham-Hoover, AL",1,Alabama,73,Jefferson,33.553056,-86.815
6/30/24,AQS,10730023,1,20.8,ppb,19,North Birmingham,24,100,42602,Nitrogen dioxide (NO2),200,13820,"Birmingham-Hoover, AL",1,Alabama,73,Jefferson,33.553056,-86.815
7/1/24,AQS,10730023,1,9.5,ppb,8,North Birmingham,24,100,42602,Nitrogen dioxide (NO2),200,13820,"Birmingham-Hoover, AL",1,Alabama,73,Jefferson,33.553056,-86.815
7/2/24,AQS,10730023,1,12.1,ppb,11,North Birmingham,24,100,42602,Nitrogen dioxide (NO2),200,13820,"Birmingham-Hoover, AL",1,Alabama,73,Jefferson,33.553056,-86.815
7/3/24,AQS,10730023,1,8,ppb,8,North Birmingham,19,79,42602,Nitrogen dioxide (NO2),200,13820,"Birmingham-Hoover, AL",1,Alabama,73,Jefferson,33.553056,-86.815
7/4/24,AQS,10730023,1,20,ppb,19,North Birmingham,24,100,42602,Nitrogen dioxide (NO2),200,13820,"Birmingham-Hoover, AL",1,Alabama,73,Jefferson,33.553056,-86.815
7/5/24,AQS,10730023,1,8.9,ppb,8,North Birmingham,19,79,42602,Nitrogen dioxide (NO2),200,13820,"Birmingham-Hoover, AL",1,Alabama,73,Jefferson,33.553056,-86.815
7/6/24,AQS,10730023,1,11.1,ppb,10,North Birmingham,24,100,42602,Nitrogen dioxide (NO2),200,13820,"Birmingham-Hoover, AL",1,Alabama,73,Jefferson,33.553056,-86.815
7/7/24,AQS,10730023,1,20.2,ppb,19,North Birmingham,24,100,42602,Nitrogen dioxide (NO2),200,13820,"Birmingham-Hoover, AL",1,Alabama,73,Jefferson,33.553056,-86.815
7/8/24,AQS,10730023,1,20.3,ppb,19,North Birmingham,24,100,42602,Nitrogen dioxide (NO2),200,13820,"Birmingham-Hoover, AL",1,Alabama,73,Jefferson,33.553056,-86.815
7/9/24,AQS,10730023,1,8.4,ppb,8,North Birmingham,24,100,42602,Nitrogen dioxide (NO2),200,13820,"Birmingham-Hoover, AL",1,Alabama,73,Jefferson,33.553056,-86.815
7/10/24,AQS,10730023,1,31.7,ppb,29,North Birmingham,24,100,42602,Nitrogen dioxide (NO2),200,13820,"Birmingham-Hoover, AL",1,Alabama,73,Jefferson,33.553056,-86.815
7/11/24,AQS,10730023,1,36.6,ppb,34,North Birmingham,24,100,42602,Nitrogen dioxide (NO2),200,13820,"Birmingham-Hoover, AL",1,Alabama,73,Jefferson,33.553056,-86.815
7/12/24,AQS,10730023,1,35.3,ppb,33,North Birmingham,24,100,42602,Nitrogen dioxide (NO2),200,13820,"Birmingham-Hoover, AL",1,Alabama,73,Jefferson,33.553056,-86.815
7/13/24,AQS,10730023,1,31.5,ppb,29,North Birmingham,24,100,42602,Nitrogen dioxide (NO2),200,13820,"Birmingham-Hoover, AL",1,Alabama,73,Jefferson,33.553056,-86.815
7/14/24,AQS,10730023,1,32.9,ppb,30,North Birmingham,24,100,42602,Nitrogen dioxide (NO2),200,13820,"Birmingham-Hoover, AL",1,Alabama,73,Jefferson,33.553056,-86.815
7/15/24,AQS,10730023,1,19.9,ppb,18,North Birmingham,24,100,42602,Nitrogen dioxide (NO2),200,13820,"Birmingham-Hoover, AL",1,Alabama,73,Jefferson,33.553056,-86.815
7/16/24,AQS,10730023,1,16.9,ppb,15,North Birmingham,20,83,42602,Nitrogen dioxide (NO2),200,13820,"Birmingham-Hoover, AL",1,Alabama,73,Jefferson,33.553056,-86.815
7/17/24,AQS,10730023,1,15.6,ppb,14,North Birmingham,24,100,42602,Nitrogen dioxide (NO2),200,13820,"Birmingham-Hoover, AL",1,Alabama,73,Jefferson,33.553056,-86.815
7/18/24,AQS,10730023,1,16.9,ppb,15,North Birmingham,20,83,42602,Nitrogen dioxide (NO2),200,13820,"Birmingham-Hoover, AL",1,Alabama,73,Jefferson,33.553056,-86.815
7/19/24,AQS,10730023,1,20.1,ppb,19,North Birmingham,24,100,42602,Nitrogen dioxide (NO2),200,13820,"Birmingham-Hoover, AL",1,Alabama,73,Jefferson,33.553056,-86.815
7/20/24,AQS,10730023,1,8.9,ppb,8,North Birmingham,24,100,42602,Nitrogen dioxide (NO2),200,13820,"Birmingham-Hoover, AL",1,Alabama,73,Jefferson,33.553056,-86.815
7/21/24,AQS,10730023,1,7.9,ppb,7,North Birmingham,24,100,42602,Nitrogen dioxide (NO2),200,13820,"Birmingham-Hoover, AL",1,Alabama,73,Jefferson,33.553056,-86.815
7/22/24,AQS,10730023,1,12.7,ppb,11,North Birmingham,24,100,42602,Nitrogen dioxide (NO2),200,13820,"Birmingham-Hoover, AL",1,Alabama,73,Jefferson,33.553056,-86.815
7/23/24,AQS,10730023,1,18.6,ppb,17,North Birmingham,24,100,42602,Nitrogen dioxide (NO2),200,13820,"Birmingham-Hoover, AL",1,Alabama,73,Jefferson,33.553056,-86.815
7/24/24,AQS,10730023,1,20.1,ppb,19,North Birmingham,24,100,42602,Nitrogen dioxide (NO2),200,13820,"Birmingham-Hoover, AL",1,Alabama,73,Jefferson,33.553056,-86.815
7/25/24,AQS,10730023,1,17.5,ppb,16,North Birmingham,24,100,42602,Nitrogen dioxide (NO2),200,13820,"Birmingham-Hoover, AL",1,Alabama,73,Jefferson,33.553056,-86.815
7/26/24,AQS,10730023,1,18.7,ppb,17,North Birmingham,24,100,42602,Nitrogen dioxide (NO2),200,13820,"Birmingham-Hoover, AL",1,Alabama,73,Jefferson,33.553056,-86.815
7/27/24,AQS,10730023,1,15.8,ppb,14,North Birmingham,24,100,42602,Nitrogen dioxide (NO2),200,13820,"Birmingham-Hoover, AL",1,Alabama,73,Jefferson,33.553056,-86.815
7/30/24,AQS,10730023,1,15.2,ppb,14,North Birmingham,24,100,42602,Nitrogen dioxide (NO2),200,13820,"Birmingham-Hoover, AL",1,Alabama,73,Jefferson,33.553056,-86.815
7/31/24,AQS,10730023,1,18.3,ppb,17,North Birmingham,24,100,42602,Nitrogen dioxide (NO2),200,13820,"Birmingham-Hoover, AL",1,Alabama,73,Jefferson,33.553056,-86.815
8/1/24,AQS,10730023,1,21.7,ppb,20,North Birmingham,22,92,42602,Nitrogen dioxide (NO2),200,13820,"Birmingham-Hoover, AL",1,Alabama,73,Jefferson,33.553056,-86.815
8/2/24,AQS,10730023,1,20.6,ppb,19,North Birmingham,21,88,42602,Nitrogen dioxide (NO2),200,13820,"Birmingham-Hoover, AL",1,Alabama,73,Jefferson,33.553056,-86.815
8/3/24,AQS,10730023,1,32.9,ppb,30,North Birmingham,24,100,42602,Nitrogen dioxide (NO2),200,13820,"Birmingham-Hoover, AL",1,Alabama,73,Jefferson,33.553056,-86.815
8/4/24,AQS,10730023,1,19.7,ppb,18,North Birmingham,24,100,42602,Nitrogen dioxide (NO2),200,13820,"Birmingham-Hoover, AL",1,Alabama,73,Jefferson,33.553056,-86.815
8/5/24,AQS,10730023,1,19.8,ppb,18,North Birmingham,24,100,42602,Nitrogen dioxide (NO2),200,13820,"Birmingham-Hoover, AL",1,Alabama,73,Jefferson,33.553056,-86.815
8/7/24,AQS,10730023,1,19,ppb,18,North Birmingham,24,100,42602,Nitrogen dioxide (NO2),200,13820,"Birmingham-Hoover, AL",1,Alabama,73,Jefferson,33.553056,-86.815
8/8/24,AQS,10730023,1,12.9,ppb,11,North Birmingham,24,100,42602,Nitrogen dioxide (NO2),200,13820,"Birmingham-Hoover, AL",1,Alabama,73,Jefferson,33.553056,-86.815
8/9/24,AQS,10730023,1,11.6,ppb,10,North Birmingham,19,79,42602,Nitrogen dioxide (NO2),200,13820,"Birmingham-Hoover, AL",1,Alabama,73,Jefferson,33.553056,-86.815
8/10/24,AQS,10730023,1,8,ppb,8,North Birmingham,24,100,42602,Nitrogen dioxide (NO2),200,13820,"Birmingham-Hoover, AL",1,Alabama,73,Jefferson,33.553056,-86.815
8/11/24,AQS,10730023,1,6,ppb,6,North Birmingham,24,100,42602,Nitrogen dioxide (NO2),200,13820,"Birmingham-Hoover, AL",1,Alabama,73,Jefferson,33.553056,-86.815
8/12/24,AQS,10730023,1,31.1,ppb,29,North Birmingham,24,100,42602,Nitrogen dioxide (NO2),200,13820,"Birmingham-Hoover, AL",1,Alabama,73,Jefferson,33.553056,-86.815
8/13/24,AQS,10730023,1,25.4,ppb,24,North Birmingham,22,92,42602,Nitrogen dioxide (NO2),200,13820,"Birmingham-Hoover, AL",1,Alabama,73,Jefferson,33.553056,-86.815
8/14/24,AQS,10730023,1,29,ppb,27,North Birmingham,24,100,42602,Nitrogen dioxide (NO2),200,13820,"Birmingham-Hoover, AL",1,Alabama,73,Jefferson,33.553056,-86.815
8/15/24,AQS,10730023,1,20.1,ppb,19,North Birmingham,24,100,42602,Nitrogen dioxide (NO2),200,13820,"Birmingham-Hoover, AL",1,Alabama,73,Jefferson,33.553056,-86.815
8/16/24,AQS,10730023,1,17.6,ppb,16,North Birmingham,22,92,42602,Nitrogen dioxide (NO2),200,13820,"Birmingham-Hoover, AL",1,Alabama,73,Jefferson,33.553056,-86.815
8/17/24,AQS,10730023,1,17.1,ppb,16,North Birmingham,24,100,42602,Nitrogen dioxide (NO2),200,13820,"Birmingham-Hoover, AL",1,Alabama,73,Jefferson,33.553056,-86.815
8/18/24,AQS,10730023,1,13.1,ppb,12,North Birmingham,24,100,42602,Nitrogen dioxide (NO2),200,13820,"Birmingham-Hoover, AL",1,Alabama,73,Jefferson,33.553056,-86.815
8/19/24,AQS,10730023,1,9.9,ppb,8,North Birmingham,24,100,42602,Nitrogen dioxide (NO2),200,13820,"Birmingham-Hoover, AL",1,Alabama,73,Jefferson,33.553056,-86.815
8/20/24,AQS,10730023,1,12.6,ppb,11,North Birmingham,24,100,42602,Nitrogen dioxide (NO2),200,13820,"Birmingham-Hoover, AL",1,Alabama,73,Jefferson,33.553056,-86.815
8/21/24,AQS,10730023,1,12.9,ppb,11,North Birmingham,21,88,42602,Nitrogen dioxide (NO2),200,13820,"Birmingham-Hoover, AL",1,Alabama,73,Jefferson,33.553056,-86.815
8/23/24,AQS,10730023,1,18.2,ppb,17,North Birmingham,24,100,42602,Nitrogen dioxide (NO2),200,13820,"Birmingham-Hoover, AL",1,Alabama,73,Jefferson,33.553056,-86.815
8/24/24,AQS,10730023,1,19.6,ppb,18,North Birmingham,24,100,42602,Nitrogen dioxide (NO2),200,13820,"Birmingham-Hoover, AL",1,Alabama,73,Jefferson,33.553056,-86.815
8/25/24,AQS,10730023,1,26.2,ppb,25,North Birmingham,24,100,42602,Nitrogen dioxide (NO2),200,13820,"Birmingham-Hoover, AL",1,Alabama,73,Jefferson,33.553056,-86.815
8/26/24,AQS,10730023,1,34.3,ppb,32,North Birmingham,24,100,42602,Nitrogen dioxide (NO2),200,13820,"Birmingham-Hoover, AL",1,Alabama,73,Jefferson,33.553056,-86.815
8/27/24,AQS,10730023,1,36.6,ppb,34,North Birmingham,24,100,42602,Nitrogen dioxide (NO2),200,13820,"Birmingham-Hoover, AL",1,Alabama,73,Jefferson,33.553056,-86.815
8/28/24,AQS,10730023,1,33.9,ppb,31,North Birmingham,24,100,42602,Nitrogen dioxide (NO2),200,13820,"Birmingham-Hoover, AL",1,Alabama,73,Jefferson,33.553056,-86.815
8/29/24,AQS,10730023,1,22.7,ppb,21,North Birmingham,22,92,42602,Nitrogen dioxide (NO2),200,13820,"Birmingham-Hoover, AL",1,Alabama,73,Jefferson,33.553056,-86.815
8/30/24,AQS,10730023,1,20.2,ppb,19,North Birmingham,24,100,42602,Nitrogen dioxide (NO2),200,13820,"Birmingham-Hoover, AL",1,Alabama,73,Jefferson,33.553056,-86.815
8/31/24,AQS,10730023,1,16.3,ppb,15,North Birmingham,24,100,42602,Nitrogen dioxide (NO2),200,13820,"Birmingham-Hoover, AL",1,Alabama,73,Jefferson,33.553056,-86.815
9/1/24,AQS,10730023,1,11.7,ppb,10,North Birmingham,24,100,42602,Nitrogen dioxide (NO2),200,13820,"Birmingham-Hoover, AL",1,Alabama,73,Jefferson,33.553056,-86.815
9/2/24,AQS,10730023,1,5.8,ppb,5,North Birmingham,24,100,42602,Nitrogen dioxide (NO2),200,13820,"Birmingham-Hoover, AL",1,Alabama,73,Jefferson,33.553056,-86.815
9/3/24,AQS,10730023,1,6.5,ppb,6,North Birmingham,24,100,42602,Nitrogen dioxide (NO2),200,13820,"Birmingham-Hoover, AL",1,Alabama,73,Jefferson,33.553056,-86.815
9/4/24,AQS,10730023,1,13,ppb,12,North Birmingham,24,100,42602,Nitrogen dioxide (NO2),200,13820,"Birmingham-Hoover, AL",1,Alabama,73,Jefferson,33.553056,-86.815
9/5/24,AQS,10730023,1,11,ppb,10,North Birmingham,24,100,42602,Nitrogen dioxide (NO2),200,13820,"Birmingham-Hoover, AL",1,Alabama,73,Jefferson,33.553056,-86.815
9/6/24,AQS,10730023,1,13.9,ppb,12,North Birmingham,24,100,42602,Nitrogen dioxide (NO2),200,13820,"Birmingham-Hoover, AL",1,Alabama,73,Jefferson,33.553056,-86.815
9/7/24,AQS,10730023,1,9.6,ppb,8,North Birmingham,24,100,42602,Nitrogen dioxide (NO2),200,13820,"Birmingham-Hoover, AL",1,Alabama,73,Jefferson,33.553056,-86.815
9/8/24,AQS,10730023,1,8.9,ppb,8,North Birmingham,24,100,42602,Nitrogen dioxide (NO2),200,13820,"Birmingham-Hoover, AL",1,Alabama,73,Jefferson,33.553056,-86.815
9/9/24,AQS,10730023,1,17.4,ppb,16,North Birmingham,24,100,42602,Nitrogen dioxide (NO2),200,13820,"Birmingham-Hoover, AL",1,Alabama,73,Jefferson,33.553056,-86.815
9/10/24,AQS,10730023,1,34.4,ppb,32,North Birmingham,24,100,42602,Nitrogen dioxide (NO2),200,13820,"Birmingham-Hoover, AL",1,Alabama,73,Jefferson,33.553056,-86.815
9/11/24,AQS,10730023,1,21.5,ppb,20,North Birmingham,22,92,42602,Nitrogen dioxide (NO2),200,13820,"Birmingham-Hoover, AL",1,Alabama,73,Jefferson,33.553056,-86.815
9/12/24,AQS,10730023,1,7.7,ppb,7,North Birmingham,22,92,42602,Nitrogen dioxide (NO2),200,13820,"Birmingham-Hoover, AL",1,Alabama,73,Jefferson,33.553056,-86.815
9/13/24,AQS,10730023,1,12.6,ppb,11,North Birmingham,22,92,42602,Nitrogen dioxide (NO2),200,13820,"Birmingham-Hoover, AL",1,Alabama,73,Jefferson,33.553056,-86.815
9/14/24,AQS,10730023,1,21,ppb,20,North Birmingham,22,92,42602,Nitrogen dioxide (NO2),200,13820,"Birmingham-Hoover, AL",1,Alabama,73,Jefferson,33.553056,-86.815
9/15/24,AQS,10730023,1,21.6,ppb,20,North Birmingham,22,92,42602,Nitrogen dioxide (NO2),200,13820,"Birmingham-Hoover, AL",1,Alabama,73,Jefferson,33.553056,-86.815
9/16/24,AQS,10730023,1,32.6,ppb,30,North Birmingham,22,92,42602,Nitrogen dioxide (NO2),200,13820,"Birmingham-Hoover, AL",1,Alabama,73,Jefferson,33.553056,-86.815
9/18/24,AQS,10730023,1,28.3,ppb,26,North Birmingham,22,92,42602,Nitrogen dioxide (NO2),200,13820,"Birmingham-Hoover, AL",1,Alabama,73,Jefferson,33.553056,-86.815
9/19/24,AQS,10730023,1,27.7,ppb,25,North Birmingham,22,92,42602,Nitrogen dioxide (NO2),200,13820,"Birmingham-Hoover, AL",1,Alabama,73,Jefferson,33.553056,-86.815
9/20/24,AQS,10730023,1,26.7,ppb,25,North Birmingham,22,92,42602,Nitrogen dioxide (NO2),200,13820,"Birmingham-Hoover, AL",1,Alabama,73,Jefferson,33.553056,-86.815
9/21/24,AQS,10730023,1,29.2,ppb,27,North Birmingham,21,88,42602,Nitrogen dioxide (NO2),200,13820,"Birmingham-Hoover, AL",1,Alabama,73,Jefferson,33.553056,-86.815
9/22/24,AQS,10730023,1,27.9,ppb,25,North Birmingham,21,88,42602,Nitrogen dioxide (NO2),200,13820,"Birmingham-Hoover, AL",1,Alabama,73,Jefferson,33.553056,-86.815
9/23/24,AQS,10730023,1,33.2,ppb,31,North Birmingham,21,88,42602,Nitrogen dioxide (NO2),200,13820,"Birmingham-Hoover, AL",1,Alabama,73,Jefferson,33.553056,-86.815
9/24/24,AQS,10730023,1,27.6,ppb,25,North Birmingham,21,88,42602,Nitrogen dioxide (NO2),200,13820,"Birmingham-Hoover, AL",1,Alabama,73,Jefferson,33.553056,-86.815
9/25/24,AQS,10730023,1,9.7,ppb,8,North Birmingham,21,88,42602,Nitrogen dioxide (NO2),200,13820,"Birmingham-Hoover, AL",1,Alabama,73,Jefferson,33.553056,-86.815
9/26/24,AQS,10730023,1,9.2,ppb,8,North Birmingham,21,88,42602,Nitrogen dioxide (NO2),200,13820,"Birmingham-Hoover, AL",1,Alabama,73,Jefferson,33.553056,-86.815
9/27/24,AQS,10730023,1,6.8,ppb,6,North Birmingham,21,88,42602,Nitrogen dioxide (NO2),200,13820,"Birmingham-Hoover, AL",1,Alabama,73,Jefferson,33.553056,-86.815
9/28/24,AQS,10730023,1,19.1,ppb,18,North Birmingham,21,88,42602,Nitrogen dioxide (NO2),200,13820,"Birmingham-Hoover, AL",1,Alabama,73,Jefferson,33.553056,-86.815
9/29/24,AQS,10730023,1,16.9,ppb,15,North Birmingham,21,88,42602,Nitrogen dioxide (NO2),200,13820,"Birmingham-Hoover, AL",1,Alabama,73,Jefferson,33.553056,-86.815
9/30/24,AQS,10730023,1,15.6,ppb,14,North Birmingham,21,88,42602,Nitrogen dioxide (NO2),200,13820,"Birmingham-Hoover, AL",1,Alabama,73,Jefferson,33.553056,-86.815
10/1/24,AQS,10730023,1,13.8,ppb,12,North Birmingham,21,88,42602,Nitrogen dioxide (NO2),200,13820,"Birmingham-Hoover, AL",1,Alabama,73,Jefferson,33.553056,-86.815
10/2/24,AQS,10730023,1,20,ppb,19,North Birmingham,21,88,42602,Nitrogen dioxide (NO2),200,13820,"Birmingham-Hoover, AL",1,Alabama,73,Jefferson,33.553056,-86.815
10/3/24,AQS,10730023,1,29.8,ppb,27,North Birmingham,21,88,42602,Nitrogen dioxide (NO2),200,13820,"Birmingham-Hoover, AL",1,Alabama,73,Jefferson,33.553056,-86.815
10/4/24,AQS,10730023,1,22.6,ppb,21,North Birmingham,21,88,42602,Nitrogen dioxide (NO2),200,13820,"Birmingham-Hoover, AL",1,Alabama,73,Jefferson,33.553056,-86.815
10/5/24,AQS,10730023,1,20.6,ppb,19,North Birmingham,21,88,42602,Nitrogen dioxide (NO2),200,13820,"Birmingham-Hoover, AL",1,Alabama,73,Jefferson,33.553056,-86.815
10/6/24,AQS,10730023,1,20.1,ppb,19,North Birmingham,21,88,42602,Nitrogen dioxide (NO2),200,13820,"Birmingham-Hoover, AL",1,Alabama,73,Jefferson,33.553056,-86.815
10/9/24,AQS,10730023,1,23.6,ppb,22,North Birmingham,21,88,42602,Nitrogen dioxide (NO2),200,13820,"Birmingham-Hoover, AL",1,Alabama,73,Jefferson,33.553056,-86.815
10/10/24,AQS,10730023,1,30.3,ppb,28,North Birmingham,21,88,42602,Nitrogen dioxide (NO2),200,13820,"Birmingham-Hoover, AL",1,Alabama,73,Jefferson,33.553056,-86.815
10/11/24,AQS,10730023,1,32.3,ppb,30,North Birmingham,21,88,42602,Nitrogen dioxide (NO2),200,13820,"Birmingham-Hoover, AL",1,Alabama,73,Jefferson,33.553056,-86.815
10/12/24,AQS,10730023,1,31.1,ppb,29,North Birmingham,21,88,42602,Nitrogen dioxide (NO2),200,13820,"Birmingham-Hoover, AL",1,Alabama,73,Jefferson,33.553056,-86.815
10/14/24,AQS,10730023,1,19.8,ppb,18,North Birmingham,19,79,42602,Nitrogen dioxide (NO2),200,13820,"Birmingham-Hoover, AL",1,Alabama,73,Jefferson,33.553056,-86.815
10/15/24,AQS,10730023,1,24.8,ppb,23,North Birmingham,21,88,42602,Nitrogen dioxide (NO2),200,13820,"Birmingham-Hoover, AL",1,Alabama,73,Jefferson,33.553056,-86.815
10/16/24,AQS,10730023,1,27.1,ppb,25,North Birmingham,21,88,42602,Nitrogen dioxide (NO2),200,13820,"Birmingham-Hoover, AL",1,Alabama,73,Jefferson,33.553056,-86.815
10/17/24,AQS,10730023,1,29.1,ppb,27,North Birmingham,21,88,42602,Nitrogen dioxide (NO2),200,13820,"Birmingham-Hoover, AL",1,Alabama,73,Jefferson,33.553056,-86.815
10/18/24,AQS,10730023,1,34.1,ppb,32,North Birmingham,21,88,42602,Nitrogen dioxide (NO2),200,13820,"Birmingham-Hoover, AL",1,Alabama,73,Jefferson,33.553056,-86.815
10/19/24,AQS,10730023,1,29.3,ppb,27,North Birmingham,21,88,42602,Nitrogen dioxide (NO2),200,13820,"Birmingham-Hoover, AL",1,Alabama,73,Jefferson,33.553056,-86.815
10/20/24,AQS,10730023,1,28.5,ppb,26,North Birmingham,21,88,42602,Nitrogen dioxide (NO2),200,13820,"Birmingham-Hoover, AL",1,Alabama,73,Jefferson,33.553056,-86.815
10/21/24,AQS,10730023,1,37.1,ppb,35,North Birmingham,21,88,42602,Nitrogen dioxide (NO2),200,13820,"Birmingham-Hoover, AL",1,Alabama,73,Jefferson,33.553056,-86.815
10/24/24,AQS,10730023,1,34.5,ppb,32,North Birmingham,21,88,42602,Nitrogen dioxide (NO2),200,13820,"Birmingham-Hoover, AL",1,Alabama,73,Jefferson,33.553056,-86.815
10/25/24,AQS,10730023,1,32.6,ppb,30,North Birmingham,21,88,42602,Nitrogen dioxide (NO2),200,13820,"Birmingham-Hoover, AL",1,Alabama,73,Jefferson,33.553056,-86.815
10/26/24,AQS,10730023,1,28.5,ppb,26,North Birmingham,21,88,42602,Nitrogen dioxide (NO2),200,13820,"Birmingham-Hoover, AL",1,Alabama,73,Jefferson,33.553056,-86.815
10/27/24,AQS,10730023,1,16.3,ppb,15,North Birmingham,21,88,42602,Nitrogen dioxide (NO2),200,13820,"Birmingham-Hoover, AL",1,Alabama,73,Jefferson,33.553056,-86.815
10/28/24,AQS,10730023,1,9.6,ppb,8,North Birmingham,21,88,42602,Nitrogen dioxide (NO2),200,13820,"Birmingham-Hoover, AL",1,Alabama,73,Jefferson,33.553056,-86.815
10/29/24,AQS,10730023,1,13.7,ppb,12,North Birmingham,21,88,42602,Nitrogen dioxide (NO2),200,13820,"Birmingham-Hoover, AL",1,Alabama,73,Jefferson,33.553056,-86.815
10/30/24,AQS,10730023,1,12.6,ppb,11,North Birmingham,21,88,42602,Nitrogen dioxide (NO2),200,13820,"Birmingham-Hoover, AL",1,Alabama,73,Jefferson,33.553056,-86.815
10/31/24,AQS,10730023,1,7.4,ppb,7,North Birmingham,21,88,42602,Nitrogen dioxide (NO2),200,13820,"Birmingham-Hoover, AL",1,Alabama,73,Jefferson,33.553056,-86.815
11/1/24,AQS,10730023,1,16,ppb,15,North Birmingham,21,88,42602,Nitrogen dioxide (NO2),200,13820,"Birmingham-Hoover, AL",1,Alabama,73,Jefferson,33.553056,-86.815
11/2/24,AQS,10730023,1,12.2,ppb,11,North Birmingham,21,88,42602,Nitrogen dioxide (NO2),200,13820,"Birmingham-Hoover, AL",1,Alabama,73,Jefferson,33.553056,-86.815
11/3/24,AQS,10730023,1,9.2,ppb,8,North Birmingham,21,88,42602,Nitrogen dioxide (NO2),200,13820,"Birmingham-Hoover, AL",1,Alabama,73,Jefferson,33.553056,-86.815
11/4/24,AQS,10730023,1,3.7,ppb,3,North Birmingham,21,88,42602,Nitrogen dioxide (NO2),200,13820,"Birmingham-Hoover, AL",1,Alabama,73,Jefferson,33.553056,-86.815
11/5/24,AQS,10730023,1,8,ppb,8,North Birmingham,19,79,42602,Nitrogen dioxide (NO2),200,13820,"Birmingham-Hoover, AL",1,Alabama,73,Jefferson,33.553056,-86.815
11/6/24,AQS,10730023,1,11,ppb,10,North Birmingham,21,88,42602,Nitrogen dioxide (NO2),200,13820,"Birmingham-Hoover, AL",1,Alabama,73,Jefferson,33.553056,-86.815
11/7/24,AQS,10730023,1,13,ppb,12,North Birmingham,21,88,42602,Nitrogen dioxide (NO2),200,13820,"Birmingham-Hoover, AL",1,Alabama,73,Jefferson,33.553056,-86.815
11/8/24,AQS,10730023,1,11.8,ppb,10,North Birmingham,21,88,42602,Nitrogen dioxide (NO2),200,13820,"Birmingham-Hoover, AL",1,Alabama,73,Jefferson,33.553056,-86.815
11/9/24,AQS,10730023,1,8.3,ppb,8,North Birmingham,24,100,42602,Nitrogen dioxide (NO2),200,13820,"Birmingham-Hoover, AL",1,Alabama,73,Jefferson,33.553056,-86.815
11/13/24,AQS,10730023,1,7.7,ppb,7,North Birmingham,24,100,42602,Nitrogen dioxide (NO2),200,13820,"Birmingham-Hoover, AL",1,Alabama,73,Jefferson,33.553056,-86.815
11/14/24,AQS,10730023,1,10.7,ppb,9,North Birmingham,24,100,42602,Nitrogen dioxide (NO2),200,13820,"Birmingham-Hoover, AL",1,Alabama,73,Jefferson,33.553056,-86.815
11/15/24,AQS,10730023,1,15.9,ppb,14,North Birmingham,24,100,42602,Nitrogen dioxide (NO2),200,13820,"Birmingham-Hoover, AL",1,Alabama,73,Jefferson,33.553056,-86.815
11/16/24,AQS,10730023,1,18.1,ppb,17,North Birmingham,24,100,42602,Nitrogen dioxide (NO2),200,13820,"Birmingham-Hoover, AL",1,Alabama,73,Jefferson,33.553056,-86.815
11/17/24,AQS,10730023,1,26.2,ppb,25,North Birmingham,24,100,42602,Nitrogen dioxide (NO2),200,13820,"Birmingham-Hoover, AL",1,Alabama,73,Jefferson,33.553056,-86.815
11/18/24,AQS,10730023,1,20.9,ppb,19,North Birmingham,24,100,42602,Nitrogen dioxide (NO2),200,13820,"Birmingham-Hoover, AL",1,Alabama,73,Jefferson,33.553056,-86.815
11/19/24,AQS,10730023,1,16,ppb,15,North Birmingham,21,88,42602,Nitrogen dioxide (NO2),200,13820,"Birmingham-Hoover, AL",1,Alabama,73,Jefferson,33.553056,-86.815
11/20/24,AQS,10730023,1,14.3,ppb,13,North Birmingham,24,100,42602,Nitrogen dioxide (NO2),200,13820,"Birmingham-Hoover, AL",1,Alabama,73,Jefferson,33.553056,-86.815
11/21/24,AQS,10730023,1,11.9,ppb,10,North Birmingham,24,100,42602,Nitrogen dioxide (NO2),200,13820,"Birmingham-Hoover, AL",1,Alabama,73,Jefferson,33.553056,-86.815
11/22/24,AQS,10730023,1,18.6,ppb,17,North Birmingham,24,100,42602,Nitrogen dioxide (NO2),200,13820,"Birmingham-Hoover, AL",1,Alabama,73,Jefferson,33.553056,-86.815
11/23/24,AQS,10730023,1,19.4,ppb,18,North Birmingham,24,100,42602,Nitrogen dioxide (NO2),200,13820,"Birmingham-Hoover, AL",1,Alabama,73,Jefferson,33.553056,-86.815
11/24/24,AQS,10730023,1,20.5,ppb,19,North Birmingham,24,100,42602,Nitrogen dioxide (NO2),200,13820,"Birmingham-Hoover, AL",1,Alabama,73,Jefferson,33.553056,-86.815
11/25/24,AQS,10730023,1,20.9,ppb,19,North Birmingham,24,100,42602,Nitrogen dioxide (NO2),200,13820,"Birmingham-Hoover, AL",1,Alabama,73,Jefferson,33.553056,-86.815
11/26/24,AQS,10730023,1,18.7,ppb,17,North Birmingham,24,100,42602,Nitrogen dioxide (NO2),200,13820,"Birmingham-Hoover, AL",1,Alabama,73,Jefferson,33.553056,-86.815
11/27/24,AQS,10730023,1,15.2,ppb,14,North Birmingham,24,100,42602,Nitrogen dioxide (NO2),200,13820,"Birmingham-Hoover, AL",1,Alabama,73,Jefferson,33.553056,-86.815
11/28/24,AQS,10730023,1,6.4,ppb,6,North Birmingham,24,100,42602,Nitrogen dioxide (NO2),200,13820,"Birmingham-Hoover, AL",1,Alabama,73,Jefferson,33.553056,-86.815
11/29/24,AQS,10730023,1,3.5,ppb,3,North Birmingham,24,100,42602,Nitrogen dioxide (NO2),200,13820,"Birmingham-Hoover, AL",1,Alabama,73,Jefferson,33.553056,-86.815
11/30/24,AQS,10730023,1,22.7,ppb,21,North Birmingham,24,100,42602,Nitrogen dioxide (NO2),200,13820,"Birmingham-Hoover, AL",1,Alabama,73,Jefferson,33.553056,-86.815
12/1/24,AQS,10730023,1,9.4,ppb,8,North Birmingham,24,100,42602,Nitrogen dioxide (NO2),200,13820,"Birmingham-Hoover, AL",1,Alabama,73,Jefferson,33.553056,-86.815
12/2/24,AQS,10730023,1,19.8,ppb,18,North Birmingham,24,100,42602,Nitrogen dioxide (NO2),200,13820,"Birmingham-Hoover, AL",1,Alabama,73,Jefferson,33.553056,-86.815
12/4/24,AQS,10730023,1,25,ppb,24,North Birmingham,20,83,42602,Nitrogen dioxide (NO2),200,13820,"Birmingham-Hoover, AL",1,Alabama,73,Jefferson,33.553056,-86.815
12/5/24,AQS,10730023,1,7.5,ppb,7,North Birmingham,24,100,42602,Nitrogen dioxide (NO2),200,13820,"Birmingham-Hoover, AL",1,Alabama,73,Jefferson,33.553056,-86.815
12/6/24,AQS,10730023,1,14.4,ppb,13,North Birmingham,24,100,42602,Nitrogen dioxide (NO2),200,13820,"Birmingham-Hoover, AL",1,Alabama,73,Jefferson,33.553056,-86.815
12/7/24,AQS,10730023,1,26.5,ppb,25,North Birmingham,24,100,42602,Nitrogen dioxide (NO2),200,13820,"Birmingham-Hoover, AL",1,Alabama,73,Jefferson,33.553056,-86.815
12/8/24,AQS,10730023,1,22.9,ppb,21,North Birmingham,24,100,42602,Nitrogen dioxide (NO2),200,13820,"Birmingham-Hoover, AL",1,Alabama,73,Jefferson,33.553056,-86.815
12/9/24,AQS,10730023,1,13.9,ppb,12,North Birmingham,24,100,42602,Nitrogen dioxide (NO2),200,13820,"Birmingham-Hoover, AL",1,Alabama,73,Jefferson,33.553056,-86.815
12/10/24,AQS,10730023,1,17.4,ppb,16,North Birmingham,24,100,42602,Nitrogen dioxide (NO2),200,13820,"Birmingham-Hoover, AL",1,Alabama,73,Jefferson,33.553056,-86.815
12/11/24,AQS,10730023,1,10.2,ppb,9,North Birmingham,24,100,42602,Nitrogen dioxide (NO2),200,13820,"Birmingham-Hoover, AL",1,Alabama,73,Jefferson,33.553056,-86.815
12/12/24,AQS,10730023,1,28.9,ppb,26,North Birmingham,24,100,42602,Nitrogen dioxide (NO2),200,13820,"Birmingham-Hoover, AL",1,Alabama,73,Jefferson,33.553056,-86.815
12/13/24,AQS,10730023,1,27.6,ppb,25,North Birmingham,24,100,42602,Nitrogen dioxide (NO2),200,13820,"Birmingham-Hoover, AL",1,Alabama,73,Jefferson,33.553056,-86.815
12/14/24,AQS,10730023,1,17.9,ppb,16,North Birmingham,24,100,42602,Nitrogen dioxide (NO2),200,13820,"Birmingham-Hoover, AL",1,Alabama,73,Jefferson,33.553056,-86.815
12/15/24,AQS,10730023,1,8.5,ppb,8,North Birmingham,24,100,42602,Nitrogen dioxide (NO2),200,13820,"Birmingham-Hoover, AL",1,Alabama,73,Jefferson,33.553056,-86.815
1/20/24,AQS,10732059,1,5.3,ppb,5,Arkadelphia/Near Road,24,100,42602,Nitrogen dioxide (NO2),200,13820,"Birmingham-Hoover, AL",1,Alabama,73,Jefferson,33.52142749,-86.844112
1/21/24,AQS,10732059,1,29.8,ppb,27,Arkadelphia/Near Road,24,100,42602,Nitrogen dioxide (NO2),200,13820,"Birmingham-Hoover, AL",1,Alabama,73,Jefferson,33.52142749,-86.844112
1/22/24,AQS,10732059,1,26.8,ppb,25,Arkadelphia/Near Road,19,79,42602,Nitrogen dioxide (NO2),200,13820,"Birmingham-Hoover, AL",1,Alabama,73,Jefferson,33.52142749,-86.844112
1/23/24,AQS,10732059,1,14.3,ppb,13,Arkadelphia/Near Road,24,100,42602,Nitrogen dioxide (NO2),200,13820,"Birmingham-Hoover, AL",1,Alabama,73,Jefferson,33.52142749,-86.844112
1/24/24,AQS,10732059,1,20.4,ppb,19,Arkadelphia/Near Road,24,100,42602,Nitrogen dioxide (NO2),200,13820,"Birmingham-Hoover, AL",1,Alabama,73,Jefferson,33.52142749,-86.844112
1/25/24,AQS,10732059,1,16.6,ppb,15,Arkadelphia/Near Road,24,100,42602,Nitrogen dioxide (NO2),200,13820,"Birmingham-Hoover, AL",1,Alabama,73,Jefferson,33.52142749,-86.844112
1/26/24,AQS,10732059,1,19,ppb,18,Arkadelphia/Near Road,24,100,42602,Nitrogen dioxide (NO2),200,13820,"Birmingham-Hoover, AL",1,Alabama,73,Jefferson,33.52142749,-86.844112
1/27/24,AQS,10732059,1,13.1,ppb,12,Arkadelphia/Near Road,24,100,42602,Nitrogen dioxide (NO2),200,13820,"Birmingham-Hoover, AL",1,Alabama,73,Jefferson,33.52142749,-86.844112
1/28/24,AQS,10732059,1,2.6,ppb,2,Arkadelphia/Near Road,24,100,42602,Nitrogen dioxide (NO2),200,13820,"Birmingham-Hoover, AL",1,Alabama,73,Jefferson,33.52142749,-86.844112
1/29/24,AQS,10732059,1,18.9,ppb,17,Arkadelphia/Near Road,20,83,42602,Nitrogen dioxide (NO2),200,13820,"Birmingham-Hoover, AL",1,Alabama,73,Jefferson,33.52142749,-86.844112
1/30/24,AQS,10732059,1,21.2,ppb,20,Arkadelphia/Near Road,24,100,42602,Nitrogen dioxide (NO2),200,13820,"Birmingham-Hoover, AL",1,Alabama,73,Jefferson,33.52142749,-86.844112
1/31/24,AQS,10732059,1,22.5,ppb,21,Arkadelphia/Near Road,20,83,42602,Nitrogen dioxide (NO2),200,13820,"Birmingham-Hoover, AL",1,Alabama,73,Jefferson,33.52142749,-86.844112
2/1/24,AQS,10732059,1,27.2,ppb,25,Arkadelphia/Near Road,24,100,42602,Nitrogen dioxide (NO2),200,13820,"Birmingham-Hoover, AL",1,Alabama,73,Jefferson,33.52142749,-86.844112
2/2/24,AQS,10732059,1,41.4,ppb,39,Arkadelphia/Near Road,24,100,42602,Nitrogen dioxide (NO2),200,13820,"Birmingham-Hoover, AL",1,Alabama,73,Jefferson,33.52142749,-86.844112
2/3/24,AQS,10732059,1,27.5,ppb,25,Arkadelphia/Near Road,24,100,42602,Nitrogen dioxide (NO2),200,13820,"Birmingham-Hoover, AL",1,Alabama,73,Jefferson,33.52142749,-86.844112
2/4/24,AQS,10732059,1,15.1,ppb,14,Arkadelphia/Near Road,24,100,42602,Nitrogen dioxide (NO2),200,13820,"Birmingham-Hoover, AL",1,Alabama,73,Jefferson,33.52142749,-86.844112
2/5/24,AQS,10732059,1,28.6,ppb,26,Arkadelphia/Near Road,24,100,42602,Nitrogen dioxide (NO2),200,13820,"Birmingham-Hoover, AL",1,Alabama,73,Jefferson,33.52142749,-86.844112
2/6/24,AQS,10732059,1,31,ppb,29,Arkadelphia/Near Road,24,100,42602,Nitrogen dioxide (NO2),200,13820,"Birmingham-Hoover, AL",1,Alabama,73,Jefferson,33.52142749,-86.844112
2/7/24,AQS,10732059,1,33.1,ppb,31,Arkadelphia/Near Road,24,100,42602,Nitrogen dioxide (NO2),200,13820,"Birmingham-Hoover, AL",1,Alabama,73,Jefferson,33.52142749,-86.844112
2/8/24,AQS,10732059,1,15.4,ppb,14,Arkadelphia/Near Road,24,100,42602,Nitrogen dioxide (NO2),200,13820,"Birmingham-Hoover, AL",1,Alabama,73,Jefferson,33.52142749,-86.844112
2/9/24,AQS,10732059,1,27.7,ppb,25,Arkadelphia/Near Road,24,100,42602,Nitrogen dioxide (NO2),200,13820,"Birmingham-Hoover, AL",1,Alabama,73,Jefferson,33.52142749,-86.844112
2/10/24,AQS,10732059,1,10.5,ppb,9,Arkadelphia/Near Road,24,100,42602,Nitrogen dioxide (NO2),200,13820,"Birmingham-Hoover, AL",1,Alabama,73,Jefferson,33.52142749,-86.844112
2/11/24,AQS,10732059,1,14.1,ppb,13,Arkadelphia/Near Road,24,100,42602,Nitrogen dioxide (NO2),200,13820,"Birmingham-Hoover, AL",1,Alabama,73,Jefferson,33.52142749,-86.844112
2/12/24,AQS,10732059,1,20.9,ppb,19,Arkadelphia/Near Road,24,100,42602,Nitrogen dioxide (NO2),200,13820,"Birmingham-Hoover, AL",1,Alabama,73,Jefferson,33.52142749,-86.844112
2/13/24,AQS,10732059,1,25.9,ppb,24,Arkadelphia/Near Road,24,100,42602,Nitrogen dioxide (NO2),200,13820,"Birmingham-Hoover, AL",1,Alabama,73,Jefferson,33.52142749,-86.844112
2/14/24,AQS,10732059,1,30.9,ppb,28,Arkadelphia/Near Road,22,92,42602,Nitrogen dioxide (NO2),200,13820,"Birmingham-Hoover, AL",1,Alabama,73,Jefferson,33.52142749,-86.844112
2/15/24,AQS,10732059,1,37.1,ppb,35,Arkadelphia/Near Road,24,100,42602,Nitrogen dioxide (NO2),200,13820,"Birmingham-Hoover, AL",1,Alabama,73,Jefferson,33.52142749,-86.844112
2/16/24,AQS,10732059,1,32.9,ppb,30,Arkadelphia/Near Road,24,100,42602,Nitrogen dioxide (NO2),200,13820,"Birmingham-Hoover, AL",1,Alabama,73,Jefferson,33.52142749,-86.844112
2/17/24,AQS,10732059,1,3.7,ppb,3,Arkadelphia/Near Road,24,100,42602,Nitrogen dioxide (NO2),200,13820,"Birmingham-Hoover, AL",1,Alabama,73,Jefferson,33.52142749,-86.844112
2/18/24,AQS,10732059,1,26.5,ppb,25,Arkadelphia/Near Road,24,100,42602,Nitrogen dioxide (NO2),200,13820,"Birmingham-Hoover, AL",1,Alabama,73,Jefferson,33.52142749,-86.844112
2/19/24,AQS,10732059,1,36.8,ppb,34,Arkadelphia/Near Road,24,100,42602,Nitrogen dioxide (NO2),200,13820,"Birmingham-Hoover, AL",1,Alabama,73,Jefferson,33.52142749,-86.844112
2/20/24,AQS,10732059,1,40.5,ppb,38,Arkadelphia/Near Road,24,100,42602,Nitrogen dioxide (NO2),200,13820,"Birmingham-Hoover, AL",1,Alabama,73,Jefferson,33.52142749,-86.844112
2/21/24,AQS,10732059,1,33.6,ppb,31,Arkadelphia/Near Road,24,100,42602,Nitrogen dioxide (NO2),200,13820,"Birmingham-Hoover, AL",1,Alabama,73,Jefferson,33.52142749,-86.844112
2/22/24,AQS,10732059,1,20.8,ppb,19,Arkadelphia/Near Road,23,96,42602,Nitrogen dioxide (NO2),200,13820,"Birmingham-Hoover, AL",1,Alabama,73,Jefferson,33.52142749,-86.844112
2/23/24,AQS,10732059,1,22.6,ppb,21,Arkadelphia/Near Road,24,100,42602,Nitrogen dioxide (NO2),200,13820,"Birmingham-Hoover, AL",1,Alabama,73,Jefferson,33.52142749,-86.844112
2/24/24,AQS,10732059,1,17.1,ppb,16,Arkadelphia/Near Road,24,100,42602,Nitrogen dioxide (NO2),200,13820,"Birmingham-Hoover, AL",1,Alabama,73,Jefferson,33.52142749,-86.844112
2/25/24,AQS,10732059,1,25.6,ppb,24,Arkadelphia/Near Road,24,100,42602,Nitrogen dioxide (NO2),200,13820,"Birmingham-Hoover, AL",1,Alabama,73,Jefferson,33.52142749,-86.844112
2/26/24,AQS,10732059,1,21.3,ppb,20,Arkadelphia/Near Road,22,92,42602,Nitrogen dioxide (NO2),200,13820,"Birmingham-Hoover, AL",1,Alabama,73,Jefferson,33.52142749,-86.844112
2/27/24,AQS,10732059,1,9.1,ppb,8,Arkadelphia/Near Road,24,100,42602,Nitrogen dioxide (NO2),200,13820,"Birmingham-Hoover, AL",1,Alabama,73,Jefferson,33.52142749,-86.844112
2/28/24,AQS,10732059,1,9.7,ppb,8,Arkadelphia/Near Road,24,100,42602,Nitrogen dioxide (NO2),200,13820,"Birmingham-Hoover, AL",1,Alabama,73,Jefferson,33.52142749,-86.844112
2/29/24,AQS,10732059,1,14.6,ppb,13,Arkadelphia/Near Road,24,100,42602,Nitrogen dioxide (NO2),200,13820,"Birmingham-Hoover, AL",1,Alabama,73,Jefferson,33.52142749,-86.844112
3/1/24,AQS,10732059,1,15.9,ppb,14,Arkadelphia/Near Road,24,100,42602,Nitrogen dioxide (NO2),200,13820,"Birmingham-Hoover, AL",1,Alabama,73,Jefferson,33.52142749,-86.844112
3/2/24,AQS,10732059,1,28,ppb,26,Arkadelphia/Near Road,24,100,42602,Nitrogen dioxide (NO2),200,13820,"Birmingham-Hoover, AL",1,Alabama,73,Jefferson,33.52142749,-86.844112
3/3/24,AQS,10732059,1,19.7,ppb,18,Arkadelphia/Near Road,24,100,42602,Nitrogen dioxide (NO2),200,13820,"Birmingham-Hoover, AL",1,Alabama,73,Jefferson,33.52142749,-86.844112
3/4/24,AQS,10732059,1,11.3,ppb,10,Arkadelphia/Near Road,24,100,42602,Nitrogen dioxide (NO2),200,13820,"Birmingham-Hoover, AL",1,Alabama,73,Jefferson,33.52142749,-86.844112
3/5/24,AQS,10732059,1,13.8,ppb,12,Arkadelphia/Near Road,24,100,42602,Nitrogen dioxide (NO2),200,13820,"Birmingham-Hoover, AL",1,Alabama,73,Jefferson,33.52142749,-86.844112
3/6/24,AQS,10732059,1,20.8,ppb,19,Arkadelphia/Near Road,24,100,42602,Nitrogen dioxide (NO2),200,13820,"Birmingham-Hoover, AL",1,Alabama,73,Jefferson,33.52142749,-86.844112
3/7/24,AQS,10732059,1,33.3,ppb,31,Arkadelphia/Near Road,24,100,42602,Nitrogen dioxide (NO2),200,13820,"Birmingham-Hoover, AL",1,Alabama,73,Jefferson,33.52142749,-86.844112
3/8/24,AQS,10732059,1,21.9,ppb,20,Arkadelphia/Near Road,24,100,42602,Nitrogen dioxide (NO2),200,13820,"Birmingham-Hoover, AL",1,Alabama,73,Jefferson,33.52142749,-86.844112
3/9/24,AQS,10732059,1,10.5,ppb,9,Arkadelphia/Near Road,24,100,42602,Nitrogen dioxide (NO2),200,13820,"Birmingham-Hoover, AL",1,Alabama,73,Jefferson,33.52142749,-86.844112
3/10/24,AQS,10732059,1,7.9,ppb,7,Arkadelphia/Near Road,24,100,42602,Nitrogen dioxide (NO2),200,13820,"Birmingham-Hoover, AL",1,Alabama,73,Jefferson,33.52142749,-86.844112
3/11/24,AQS,10732059,1,38.9,ppb,36,Arkadelphia/Near Road,24,100,42602,Nitrogen dioxide (NO2),200,13820,"Birmingham-Hoover, AL",1,Alabama,73,Jefferson,33.52142749,-86.844112
3/12/24,AQS,10732059,1,27.1,ppb,25,Arkadelphia/Near Road,24,100,42602,Nitrogen dioxide (NO2),200,13820,"Birmingham-Hoover, AL",1,Alabama,73,Jefferson,33.52142749,-86.844112
3/13/24,AQS,10732059,1,32.4,ppb,30,Arkadelphia/Near Road,24,100,42602,Nitrogen dioxide (NO2),200,13820,"Birmingham-Hoover, AL",1,Alabama,73,Jefferson,33.52142749,-86.844112
3/14/24,AQS,10732059,1,27.4,ppb,25,Arkadelphia/Near Road,21,88,42602,Nitrogen dioxide (NO2),200,13820,"Birmingham-Hoover, AL",1,Alabama,73,Jefferson,33.52142749,-86.844112
3/15/24,AQS,10732059,1,16.1,ppb,15,Arkadelphia/Near Road,24,100,42602,Nitrogen dioxide (NO2),200,13820,"Birmingham-Hoover, AL",1,Alabama,73,Jefferson,33.52142749,-86.844112
3/16/24,AQS,10732059,1,16.4,ppb,15,Arkadelphia/Near Road,24,100,42602,Nitrogen dioxide (NO2),200,13820,"Birmingham-Hoover, AL",1,Alabama,73,Jefferson,33.52142749,-86.844112
3/17/24,AQS,10732059,1,22.1,ppb,21,Arkadelphia/Near Road,24,100,42602,Nitrogen dioxide (NO2),200,13820,"Birmingham-Hoover, AL",1,Alabama,73,Jefferson,33.52142749,-86.844112
3/18/24,AQS,10732059,1,10.6,ppb,9,Arkadelphia/Near Road,24,100,42602,Nitrogen dioxide (NO2),200,13820,"Birmingham-Hoover, AL",1,Alabama,73,Jefferson,33.52142749,-86.844112
3/19/24,AQS,10732059,1,26.1,ppb,25,Arkadelphia/Near Road,24,100,42602,Nitrogen dioxide (NO2),200,13820,"Birmingham-Hoover, AL",1,Alabama,73,Jefferson,33.52142749,-86.844112
3/20/24,AQS,10732059,1,27.6,ppb,25,Arkadelphia/Near Road,24,100,42602,Nitrogen dioxide (NO2),200,13820,"Birmingham-Hoover, AL",1,Alabama,73,Jefferson,33.52142749,-86.844112
9/16/24,AQS,10732059,1,26.1,ppb,25,Arkadelphia/Near Road,20,83,42602,Nitrogen dioxide (NO2),200,13820,"Birmingham-Hoover, AL",1,Alabama,73,Jefferson,33.52142749,-86.844112
9/17/24,AQS,10732059,1,28.2,ppb,26,Arkadelphia/Near Road,24,100,42602,Nitrogen dioxide (NO2),200,13820,"Birmingham-Hoover, AL",1,Alabama,73,Jefferson,33.52142749,-86.844112
9/18/24,AQS,10732059,1,21.8,ppb,20,Arkadelphia/Near Road,24,100,42602,Nitrogen dioxide (NO2),200,13820,"Birmingham-Hoover, AL",1,Alabama,73,Jefferson,33.52142749,-86.844112
9/19/24,AQS,10732059,1,32.5,ppb,30,Arkadelphia/Near Road,24,100,42602,Nitrogen dioxide (NO2),200,13820,"Birmingham-Hoover, AL",1,Alabama,73,Jefferson,33.52142749,-86.844112
9/20/24,AQS,10732059,1,29.9,ppb,27,Arkadelphia/Near Road,24,100,42602,Nitrogen dioxide (NO2),200,13820,"Birmingham-Hoover, AL",1,Alabama,73,Jefferson,33.52142749,-86.844112
9/21/24,AQS,10732059,1,39.9,ppb,37,Arkadelphia/Near Road,24,100,42602,Nitrogen dioxide (NO2),200,13820,"Birmingham-Hoover, AL",1,Alabama,73,Jefferson,33.52142749,-86.844112
9/22/24,AQS,10732059,1,32,ppb,30,Arkadelphia/Near Road,24,100,42602,Nitrogen dioxide (NO2),200,13820,"Birmingham-Hoover, AL",1,Alabama,73,Jefferson,33.52142749,-86.844112
9/23/24,AQS,10732059,1,32,ppb,30,Arkadelphia/Near Road,24,100,42602,Nitrogen dioxide (NO2),200,13820,"Birmingham-Hoover, AL",1,Alabama,73,Jefferson,33.52142749,-86.844112
9/24/24,AQS,10732059,1,23.4,ppb,22,Arkadelphia/Near Road,21,88,42602,Nitrogen dioxide (NO2),200,13820,"Birmingham-Hoover, AL",1,Alabama,73,Jefferson,33.52142749,-86.844112
9/25/24,AQS,10732059,1,9.1,ppb,8,Arkadelphia/Near Road,21,88,42602,Nitrogen dioxide (NO2),200,13820,"Birmingham-Hoover, AL",1,Alabama,73,Jefferson,33.52142749,-86.844112
9/26/24,AQS,10732059,1,11,ppb,10,Arkadelphia/Near Road,24,100,42602,Nitrogen dioxide (NO2),200,13820,"Birmingham-Hoover, AL",1,Alabama,73,Jefferson,33.52142749,-86.844112
9/27/24,AQS,10732059,1,11.8,ppb,10,Arkadelphia/Near Road,24,100,42602,Nitrogen dioxide (NO2),200,13820,"Birmingham-Hoover, AL",1,Alabama,73,Jefferson,33.52142749,-86.844112
9/28/24,AQS,10732059,1,16.5,ppb,15,Arkadelphia/Near Road,24,100,42602,Nitrogen dioxide (NO2),200,13820,"Birmingham-Hoover, AL",1,Alabama,73,Jefferson,33.52142749,-86.844112
9/29/24,AQS,10732059,1,19.1,ppb,18,Arkadelphia/Near Road,24,100,42602,Nitrogen dioxide (NO2),200,13820,"Birmingham-Hoover, AL",1,Alabama,73,Jefferson,33.52142749,-86.844112
9/30/24,AQS,10732059,1,16,ppb,15,Arkadelphia/Near Road,24,100,42602,Nitrogen dioxide (NO2),200,13820,"Birmingham-Hoover, AL",1,Alabama,73,Jefferson,33.52142749,-86.844112
10/1/24,AQS,10732059,1,15.4,ppb,14,Arkadelphia/Near Road,24,100,42602,Nitrogen dioxide (NO2),200,13820,"Birmingham-Hoover, AL",1,Alabama,73,Jefferson,33.52142749,-86.844112
10/2/24,AQS,10732059,1,25.2,ppb,24,Arkadelphia/Near Road,24,100,42602,Nitrogen dioxide (NO2),200,13820,"Birmingham-Hoover, AL",1,Alabama,73,Jefferson,33.52142749,-86.844112
10/3/24,AQS,10732059,1,31.3,ppb,29,Arkadelphia/Near Road,24,100,42602,Nitrogen dioxide (NO2),200,13820,"Birmingham-Hoover, AL",1,Alabama,73,Jefferson,33.52142749,-86.844112
10/4/24,AQS,10732059,1,24.5,ppb,23,Arkadelphia/Near Road,24,100,42602,Nitrogen dioxide (NO2),200,13820,"Birmingham-Hoover, AL",1,Alabama,73,Jefferson,33.52142749,-86.844112
10/5/24,AQS,10732059,1,25.6,ppb,24,Arkadelphia/Near Road,23,96,42602,Nitrogen dioxide (NO2),200,13820,"Birmingham-Hoover, AL",1,Alabama,73,Jefferson,33.52142749,-86.844112
10/6/24,AQS,10732059,1,34.8,ppb,32,Arkadelphia/Near Road,23,96,42602,Nitrogen dioxide (NO2),200,13820,"Birmingham-Hoover, AL",1,Alabama,73,Jefferson,33.52142749,-86.844112
10/7/24,AQS,10732059,1,18.7,ppb,17,Arkadelphia/Near Road,24,100,42602,Nitrogen dioxide (NO2),200,13820,"Birmingham-Hoover, AL",1,Alabama,73,Jefferson,33.52142749,-86.844112
10/8/24,AQS,10732059,1,26.6,ppb,25,Arkadelphia/Near Road,24,100,42602,Nitrogen dioxide (NO2),200,13820,"Birmingham-Hoover, AL",1,Alabama,73,Jefferson,33.52142749,-86.844112
10/9/24,AQS,10732059,1,31.1,ppb,29,Arkadelphia/Near Road,24,100,42602,Nitrogen dioxide (NO2),200,13820,"Birmingham-Hoover, AL",1,Alabama,73,Jefferson,33.52142749,-86.844112
10/10/24,AQS,10732059,1,40.7,ppb,38,Arkadelphia/Near Road,24,100,42602,Nitrogen dioxide (NO2),200,13820,"Birmingham-Hoover, AL",1,Alabama,73,Jefferson,33.52142749,-86.844112
10/11/24,AQS,10732059,1,45.7,ppb,42,Arkadelphia/Near Road,24,100,42602,Nitrogen dioxide (NO2),200,13820,"Birmingham-Hoover, AL",1,Alabama,73,Jefferson,33.52142749,-86.844112
10/12/24,AQS,10732059,1,44,ppb,42,Arkadelphia/Near Road,24,100,42602,Nitrogen dioxide (NO2),200,13820,"Birmingham-Hoover, AL",1,Alabama,73,Jefferson,33.52142749,-86.844112
10/13/24,AQS,10732059,1,27.7,ppb,25,Arkadelphia/Near Road,24,100,42602,Nitrogen dioxide (NO2),200,13820,"Birmingham-Hoover, AL",1,Alabama,73,Jefferson,33.52142749,-86.844112
10/14/24,AQS,10732059,1,27.3,ppb,25,Arkadelphia/Near Road,24,100,42602,Nitrogen dioxide (NO2),200,13820,"Birmingham-Hoover, AL",1,Alabama,73,Jefferson,33.52142749,-86.844112
10/15/24,AQS,10732059,1,21.7,ppb,20,Arkadelphia/Near Road,18,75,42602,Nitrogen dioxide (NO2),200,13820,"Birmingham-Hoover, AL",1,Alabama,73,Jefferson,33.52142749,-86.844112
10/16/24,AQS,10732059,1,28,ppb,26,Arkadelphia/Near Road,21,88,42602,Nitrogen dioxide (NO2),200,13820,"Birmingham-Hoover, AL",1,Alabama,73,Jefferson,33.52142749,-86.844112
10/17/24,AQS,10732059,1,37.3,ppb,35,Arkadelphia/Near Road,24,100,42602,Nitrogen dioxide (NO2),200,13820,"Birmingham-Hoover, AL",1,Alabama,73,Jefferson,33.52142749,-86.844112
10/18/24,AQS,10732059,1,38.3,ppb,36,Arkadelphia/Near Road,24,100,42602,Nitrogen dioxide (NO2),200,13820,"Birmingham-Hoover, AL",1,Alabama,73,Jefferson,33.52142749,-86.844112
10/19/24,AQS,10732059,1,36,ppb,34,Arkadelphia/Near Road,24,100,42602,Nitrogen dioxide (NO2),200,13820,"Birmingham-Hoover, AL",1,Alabama,73,Jefferson,33.52142749,-86.844112
10/20/24,AQS,10732059,1,42.2,ppb,40,Arkadelphia/Near Road,24,100,42602,Nitrogen dioxide (NO2),200,13820,"Birmingham-Hoover, AL",1,Alabama,73,Jefferson,33.52142749,-86.844112
10/22/24,AQS,10732059,1,55.1,ppb,52,Arkadelphia/Near Road,24,100,42602,Nitrogen dioxide (NO2),200,13820,"Birmingham-Hoover, AL",1,Alabama,73,Jefferson,33.52142749,-86.844112
10/23/24,AQS,10732059,1,47.9,ppb,44,Arkadelphia/Near Road,24,100,42602,Nitrogen dioxide (NO2),200,13820,"Birmingham-Hoover, AL",1,Alabama,73,Jefferson,33.52142749,-86.844112
10/24/24,AQS,10732059,1,51.5,ppb,48,Arkadelphia/Near Road,24,100,42602,Nitrogen dioxide (NO2),200,13820,"Birmingham-Hoover, AL",1,Alabama,73,Jefferson,33.52142749,-86.844112
10/25/24,AQS,10732059,1,44.3,ppb,42,Arkadelphia/Near Road,24,100,42602,Nitrogen dioxide (NO2),200,13820,"Birmingham-Hoover, AL",1,Alabama,73,Jefferson,33.52142749,-86.844112
10/26/24,AQS,10732059,1,31.4,ppb,29,Arkadelphia/Near Road,24,100,42602,Nitrogen dioxide (NO2),200,13820,"Birmingham-Hoover, AL",1,Alabama,73,Jefferson,33.52142749,-86.844112
10/27/24,AQS,10732059,1,39.3,ppb,37,Arkadelphia/Near Road,24,100,42602,Nitrogen dioxide (NO2),200,13820,"Birmingham-Hoover, AL",1,Alabama,73,Jefferson,33.52142749,-86.844112
10/28/24,AQS,10732059,1,11.8,ppb,10,Arkadelphia/Near Road,24,100,42602,Nitrogen dioxide (NO2),200,13820,"Birmingham-Hoover, AL",1,Alabama,73,Jefferson,33.52142749,-86.844112
10/29/24,AQS,10732059,1,23.5,ppb,22,Arkadelphia/Near Road,24,100,42602,Nitrogen dioxide (NO2),200,13820,"Birmingham-Hoover, AL",1,Alabama,73,Jefferson,33.52142749,-86.844112
10/30/24,AQS,10732059,1,14.2,ppb,13,Arkadelphia/Near Road,24,100,42602,Nitrogen dioxide (NO2),200,13820,"Birmingham-Hoover, AL",1,Alabama,73,Jefferson,33.52142749,-86.844112
10/31/24,AQS,10732059,1,11.8,ppb,10,Arkadelphia/Near Road,24,100,42602,Nitrogen dioxide (NO2),200,13820,"Birmingham-Hoover, AL",1,Alabama,73,Jefferson,33.52142749,-86.844112
11/1/24,AQS,10732059,1,22.9,ppb,21,Arkadelphia/Near Road,24,100,42602,Nitrogen dioxide (NO2),200,13820,"Birmingham-Hoover, AL",1,Alabama,73,Jefferson,33.52142749,-86.844112
11/2/24,AQS,10732059,1,17.5,ppb,16,Arkadelphia/Near Road,24,100,42602,Nitrogen dioxide (NO2),200,13820,"Birmingham-Hoover, AL",1,Alabama,73,Jefferson,33.52142749,-86.844112
11/3/24,AQS,10732059,1,7.6,ppb,7,Arkadelphia/Near Road,24,100,42602,Nitrogen dioxide (NO2),200,13820,"Birmingham-Hoover, AL",1,Alabama,73,Jefferson,33.52142749,-86.844112
11/4/24,AQS,10732059,1,11.7,ppb,10,Arkadelphia/Near Road,22,92,42602,Nitrogen dioxide (NO2),200,13820,"Birmingham-Hoover, AL",1,Alabama,73,Jefferson,33.52142749,-86.844112
11/5/24,AQS,10732059,1,18.5,ppb,17,Arkadelphia/Near Road,24,100,42602,Nitrogen dioxide (NO2),200,13820,"Birmingham-Hoover, AL",1,Alabama,73,Jefferson,33.52142749,-86.844112
11/6/24,AQS,10732059,1,17.8,ppb,16,Arkadelphia/Near Road,24,100,42602,Nitrogen dioxide (NO2),200,13820,"Birmingham-Hoover, AL",1,Alabama,73,Jefferson,33.52142749,-86.844112
11/7/24,AQS,10732059,1,22.9,ppb,21,Arkadelphia/Near Road,21,88,42602,Nitrogen dioxide (NO2),200,13820,"Birmingham-Hoover, AL",1,Alabama,73,Jefferson,33.52142749,-86.844112
11/8/24,AQS,10732059,1,18.4,ppb,17,Arkadelphia/Near Road,23,96,42602,Nitrogen dioxide (NO2),200,13820,"Birmingham-Hoover, AL",1,Alabama,73,Jefferson,33.52142749,-86.844112
11/9/24,AQS,10732059,1,11.1,ppb,10,Arkadelphia/Near Road,24,100,42602,Nitrogen dioxide (NO2),200,13820,"Birmingham-Hoover, AL",1,Alabama,73,Jefferson,33.52142749,-86.844112
11/10/24,AQS,10732059,1,10.9,ppb,9,Arkadelphia/Near Road,24,100,42602,Nitrogen dioxide (NO2),200,13820,"Birmingham-Hoover, AL",1,Alabama,73,Jefferson,33.52142749,-86.844112
11/11/24,AQS,10732059,1,37.4,ppb,35,Arkadelphia/Near Road,24,100,42602,Nitrogen dioxide (NO2),200,13820,"Birmingham-Hoover, AL",1,Alabama,73,Jefferson,33.52142749,-86.844112
11/12/24,AQS,10732059,1,30.2,ppb,28,Arkadelphia/Near Road,24,100,42602,Nitrogen dioxide (NO2),200,13820,"Birmingham-Hoover, AL",1,Alabama,73,Jefferson,33.52142749,-86.844112
11/13/24,AQS,10732059,1,10.1,ppb,9,Arkadelphia/Near Road,24,100,42602,Nitrogen dioxide (NO2),200,13820,"Birmingham-Hoover, AL",1,Alabama,73,Jefferson,33.52142749,-86.844112
11/14/24,AQS,10732059,1,13.5,ppb,12,Arkadelphia/Near Road,24,100,42602,Nitrogen dioxide (NO2),200,13820,"Birmingham-Hoover, AL",1,Alabama,73,Jefferson,33.52142749,-86.844112
11/15/24,AQS,10732059,1,17.8,ppb,16,Arkadelphia/Near Road,24,100,42602,Nitrogen dioxide (NO2),200,13820,"Birmingham-Hoover, AL",1,Alabama,73,Jefferson,33.52142749,-86.844112
11/16/24,AQS,10732059,1,31.6,ppb,29,Arkadelphia/Near Road,24,100,42602,Nitrogen dioxide (NO2),200,13820,"Birmingham-Hoover, AL",1,Alabama,73,Jefferson,33.52142749,-86.844112
11/17/24,AQS,10732059,1,33.2,ppb,31,Arkadelphia/Near Road,24,100,42602,Nitrogen dioxide (NO2),200,13820,"Birmingham-Hoover, AL",1,Alabama,73,Jefferson,33.52142749,-86.844112
11/18/24,AQS,10732059,1,28.1,ppb,26,Arkadelphia/Near Road,24,100,42602,Nitrogen dioxide (NO2),200,13820,"Birmingham-Hoover, AL",1,Alabama,73,Jefferson,33.52142749,-86.844112
11/19/24,AQS,10732059,1,22.5,ppb,21,Arkadelphia/Near Road,21,88,42602,Nitrogen dioxide (NO2),200,13820,"Birmingham-Hoover, AL",1,Alabama,73,Jefferson,33.52142749,-86.844112
11/20/24,AQS,10732059,1,21.2,ppb,20,Arkadelphia/Near Road,24,100,42602,Nitrogen dioxide (NO2),200,13820,"Birmingham-Hoover, AL",1,Alabama,73,Jefferson,33.52142749,-86.844112
11/21/24,AQS,10732059,1,21.4,ppb,20,Arkadelphia/Near Road,24,100,42602,Nitrogen dioxide (NO2),200,13820,"Birmingham-Hoover, AL",1,Alabama,73,Jefferson,33.52142749,-86.844112
11/22/24,AQS,10732059,1,20.8,ppb,19,Arkadelphia/Near Road,24,100,42602,Nitrogen dioxide (NO2),200,13820,"Birmingham-Hoover, AL",1,Alabama,73,Jefferson,33.52142749,-86.844112
11/23/24,AQS,10732059,1,24,ppb,23,Arkadelphia/Near Road,24,100,42602,Nitrogen dioxide (NO2),200,13820,"Birmingham-Hoover, AL",1,Alabama,73,Jefferson,33.52142749,-86.844112
11/24/24,AQS,10732059,1,29,ppb,27,Arkadelphia/Near Road,24,100,42602,Nitrogen dioxide (NO2),200,13820,"Birmingham-Hoover, AL",1,Alabama,73,Jefferson,33.52142749,-86.844112
11/25/24,AQS,10732059,1,28.2,ppb,26,Arkadelphia/Near Road,24,100,42602,Nitrogen dioxide (NO2),200,13820,"Birmingham-Hoover, AL",1,Alabama,73,Jefferson,33.52142749,-86.844112
11/26/24,AQS,10732059,1,27.9,ppb,25,Arkadelphia/Near Road,24,100,42602,Nitrogen dioxide (NO2),200,13820,"Birmingham-Hoover, AL",1,Alabama,73,Jefferson,33.52142749,-86.844112
11/27/24,AQS,10732059,1,17.1,ppb,16,Arkadelphia/Near Road,24,100,42602,Nitrogen dioxide (NO2),200,13820,"Birmingham-Hoover, AL",1,Alabama,73,Jefferson,33.52142749,-86.844112
11/28/24,AQS,10732059,1,18,ppb,17,Arkadelphia/Near Road,24,100,42602,Nitrogen dioxide (NO2),200,13820,"Birmingham-Hoover, AL",1,Alabama,73,Jefferson,33.52142749,-86.844112
11/29/24,AQS,10732059,1,15.8,ppb,14,Arkadelphia/Near Road,24,100,42602,Nitrogen dioxide (NO2),200,13820,"Birmingham-Hoover, AL",1,Alabama,73,Jefferson,33.52142749,-86.844112
11/30/24,AQS,10732059,1,33.7,ppb,31,Arkadelphia/Near Road,24,100,42602,Nitrogen dioxide (NO2),200,13820,"Birmingham-Hoover, AL",1,Alabama,73,Jefferson,33.52142749,-86.844112
12/1/24,AQS,10732059,1,31.2,ppb,29,Arkadelphia/Near Road,24,100,42602,Nitrogen dioxide (NO2),200,13820,"Birmingham-Hoover, AL",1,Alabama,73,Jefferson,33.52142749,-86.844112
12/2/24,AQS,10732059,1,33.5,ppb,31,Arkadelphia/Near Road,20,83,42602,Nitrogen dioxide (NO2),200,13820,"Birmingham-Hoover, AL",1,Alabama,73,Jefferson,33.52142749,-86.844112
12/3/24,AQS,10732059,1,35.4,ppb,33,Arkadelphia/Near Road,24,100,42602,Nitrogen dioxide (NO2),200,13820,"Birmingham-Hoover, AL",1,Alabama,73,Jefferson,33.52142749,-86.844112
12/4/24,AQS,10732059,1,34.7,ppb,32,Arkadelphia/Near Road,24,100,42602,Nitrogen dioxide (NO2),200,13820,"Birmingham-Hoover, AL",1,Alabama,73,Jefferson,33.52142749,-86.844112
12/5/24,AQS,10732059,1,13.1,ppb,12,Arkadelphia/Near Road,24,100,42602,Nitrogen dioxide (NO2),200,13820,"Birmingham-Hoover, AL",1,Alabama,73,Jefferson,33.52142749,-86.844112
12/6/24,AQS,10732059,1,27.7,ppb,25,Arkadelphia/Near Road,24,100,42602,Nitrogen dioxide (NO2),200,13820,"Birmingham-Hoover, AL",1,Alabama,73,Jefferson,33.52142749,-86.844112
12/7/24,AQS,10732059,1,38.1,ppb,36,Arkadelphia/Near Road,24,100,42602,Nitrogen dioxide (NO2),200,13820,"Birmingham-Hoover, AL",1,Alabama,73,Jefferson,33.52142749,-86.844112
12/8/24,AQS,10732059,1,34.4,ppb,32,Arkadelphia/Near Road,24,100,42602,Nitrogen dioxide (NO2),200,13820,"Birmingham-Hoover, AL",1,Alabama,73,Jefferson,33.52142749,-86.844112
12/9/24,AQS,10732059,1,19.3,ppb,18,Arkadelphia/Near Road,24,100,42602,Nitrogen dioxide (NO2),200,13820,"Birmingham-Hoover, AL",1,Alabama,73,Jefferson,33.52142749,-86.844112
12/10/24,AQS,10732059,1,22.9,ppb,21,Arkadelphia/Near Road,24,100,42602,Nitrogen dioxide (NO2),200,13820,"Birmingham-Hoover, AL",1,Alabama,73,Jefferson,33.52142749,-86.844112
12/11/24,AQS,10732059,1,16.3,ppb,15,Arkadelphia/Near Road,24,100,42602,Nitrogen dioxide (NO2),200,13820,"Birmingham-Hoover, AL",1,Alabama,73,Jefferson,33.52142749,-86.844112
12/12/24,AQS,10732059,1,37.9,ppb,35,Arkadelphia/Near Road,24,100,42602,Nitrogen dioxide (NO2),200,13820,"Birmingham-Hoover, AL",1,Alabama,73,Jefferson,33.52142749,-86.844112
12/13/24,AQS,10732059,1,38,ppb,36,Arkadelphia/Near Road,24,100,42602,Nitrogen dioxide (NO2),200,13820,"Birmingham-Hoover, AL",1,Alabama,73,Jefferson,33.52142749,-86.844112
12/14/24,AQS,10732059,1,19,ppb,18,Arkadelphia/Near Road,24,100,42602,Nitrogen dioxide (NO2),200,13820,"Birmingham-Hoover, AL",1,Alabama,73,Jefferson,33.52142749,-86.844112
12/15/24,AQS,10732059,1,12.1,ppb,11,Arkadelphia/Near Road,24,100,42602,Nitrogen dioxide (NO2),200,13820,"Birmingham-Hoover, AL",1,Alabama,73,Jefferson,33.52142749,-86.844112
12/16/24,AQS,10732059,1,27.9,ppb,25,Arkadelphia/Near Road,24,100,42602,Nitrogen dioxide (NO2),200,13820,"Birmingham-Hoover, AL",1,Alabama,73,Jefferson,33.52142749,-86.844112
12/17/24,AQS,10732059,1,27,ppb,25,Arkadelphia/Near Road,24,100,42602,Nitrogen dioxide (NO2),200,13820,"Birmingham-Hoover, AL",1,Alabama,73,Jefferson,33.52142749,-86.844112
12/18/24,AQS,10732059,1,26.3,ppb,25,Arkadelphia/Near Road,22,92,42602,Nitrogen dioxide (NO2),200,13820,"Birmingham-Hoover, AL",1,Alabama,73,Jefferson,33.52142749,-86.844112
12/19/24,AQS,10732059,1,25.8,ppb,24,Arkadelphia/Near Road,24,100,42602,Nitrogen dioxide (NO2),200,13820,"Birmingham-Hoover, AL",1,Alabama,73,Jefferson,33.52142749,-86.844112
12/20/24,AQS,10732059,1,19.1,ppb,18,Arkadelphia/Near Road,24,100,42602,Nitrogen dioxide (NO2),200,13820,"Birmingham-Hoover, AL",1,Alabama,73,Jefferson,33.52142749,-86.844112
12/21/24,AQS,10732059,1,17.2,ppb,16,Arkadelphia/Near Road,24,100,42602,Nitrogen dioxide (NO2),200,13820,"Birmingham-Hoover, AL",1,Alabama,73,Jefferson,33.52142749,-86.844112
12/22/24,AQS,10732059,1,34.9,ppb,32,Arkadelphia/Near Road,24,100,42602,Nitrogen dioxide (NO2),200,13820,"Birmingham-Hoover, AL",1,Alabama,73,Jefferson,33.52142749,-86.844112
12/23/24,AQS,10732059,1,39.3,ppb,37,Arkadelphia/Near Road,24,100,42602,Nitrogen dioxide (NO2),200,13820,"Birmingham-Hoover, AL",1,Alabama,73,Jefferson,33.52142749,-86.844112
12/24/24,AQS,10732059,1,40.1,ppb,38,Arkadelphia/Near Road,24,100,42602,Nitrogen dioxide (NO2),200,13820,"Birmingham-Hoover, AL",1,Alabama,73,Jefferson,33.52142749,-86.844112
12/25/24,AQS,10732059,1,39.9,ppb,37,Arkadelphia/Near Road,24,100,42602,Nitrogen dioxide (NO2),200,13820,"Birmingham-Hoover, AL",1,Alabama,73,Jefferson,33.52142749,-86.844112
12/26/24,AQS,10732059,1,15.1,ppb,14,Arkadelphia/Near Road,24,100,42602,Nitrogen dioxide (NO2),200,13820,"Birmingham-Hoover, AL",1,Alabama,73,Jefferson,33.52142749,-86.844112
12/27/24,AQS,10732059,1,7.6,ppb,7,Arkadelphia/Near Road,24,100,42602,Nitrogen dioxide (NO2),200,13820,"Birmingham-Hoover, AL",1,Alabama,73,Jefferson,33.52142749,-86.844112
12/28/24,AQS,10732059,1,8.9,ppb,8,Arkadelphia/Near Road,24,100,42602,Nitrogen dioxide (NO2),200,13820,"Birmingham-Hoover, AL",1,Alabama,73,Jefferson,33.52142749,-86.844112
12/29/24,AQS,10732059,1,23.4,ppb,22,Arkadelphia/Near Road,24,100,42602,Nitrogen dioxide (NO2),200,13820,"Birmingham-Hoover, AL",1,Alabama,73,Jefferson,33.52142749,-86.844112
12/30/24,AQS,10732059,1,26.5,ppb,25,Arkadelphia/Near Road,24,100,42602,Nitrogen dioxide (NO2),200,13820,"Birmingham-Hoover, AL",1,Alabama,73,Jefferson,33.52142749,-86.844112
12/31/24,AQS,10732059,1,12.4,ppb,11,Arkadelphia/Near Road,24,100,42602,Nitrogen dioxide (NO2),200,13820,"Birmingham-Hoover, AL",1,Alabama,73,Jefferson,33.52142749,-86.844112